FECHAS;N1;N2;N3;N4;N5;N6
04/06/2025;1;36;50;30;5;21
01/06/2025;2;16;19;14;43;22
28/05/2025;2;16;15;50;9;4
25/05/2025;21;31;1;9;4;8
21/05/2025;7;36;24;34;45;11
18/05/2025;11;13;42;9;33;15
14/05/2025;38;7;12;13;4;9
11/05/2025;46;21;49;45;3;43
07/05/2025;48;2;38;50;33;35
04/05/2025;9;35;19;15;37;10
30/04/2025;11;36;33;6;2;16
27/04/2025;46;33;21;8;7;41
23/04/2025;22;16;20;33;35;9
20/04/2025;33;2;6;42;34;11
16/04/2025;14;31;46;38;48;12
13/04/2025;22;36;39;48;46;44
09/04/2025;35;24;49;1;12;39
06/04/2025;34;42;5;49;16;27
02/04/2025;46;10;23;31;40;22
30/03/2025;46;29;25;31;28;47
26/03/2025;43;1;5;37;35;13
23/03/2025;24;7;18;3;37;49
19/03/2025;32;41;42;37;34;4
16/03/2025;15;30;49;12;5;27
12/03/2025;44;34;7;17;16;32
09/03/2025;1;42;44;20;38;23
05/03/2025;1;32;3;12;28;47
02/03/2025;39;9;28;46;18;44
26/02/2025;23;16;12;25;13;21
23/02/2025;10;44;30;5;8;36
19/02/2025;44;2;19;47;29;31
16/02/2025;16;22;34;11;6;45
12/02/2025;23;18;32;33;24;44
09/02/2025;34;3;46;35;33;12
05/02/2025;19;12;27;33;24;30
02/02/2025;20;48;14;12;28;4
29/01/2025;33;23;17;13;24;12
26/01/2025;33;26;35;30;13;18
22/01/2025;21;10;49;31;32;6
19/01/2025;23;44;45;5;2;1
15/01/2025;36;16;47;38;19;46
12/01/2025;49;32;41;44;26;34
08/01/2025;40;25;24;47;20;44
05/01/2025;18;49;45;13;35;22
01/01/2025;33;24;9;38;22;46
29/12/2024;49;41;29;50;35;42
25/12/2024;14;39;24;2;5;15
22/12/2024;17;2;49;40;24;1
18/12/2024;22;28;33;19;47;35
15/12/2024;48;26;45;8;6;4
11/12/2024;43;4;39;31;10;46
08/12/2024;44;8;45;43;26;17
04/12/2024;17;29;20;38;2;36
01/12/2024;42;9;27;12;35;15
27/11/2024;23;5;17;9;34;13
24/11/2024;46;5;45;19;29;26
20/11/2024;36;27;28;26;29;3
17/11/2024;11;37;7;46;42;15
13/11/2024;49;19;35;9;17;18
10/11/2024;41;38;46;9;40;31
06/11/2024;46;2;17;48;15;40
03/11/2024;4;24;37;36;14;2
30/10/2024;42;15;22;9;7;18
27/10/2024;6;27;32;16;24;47
23/10/2024;28;9;16;1;46;40
20/10/2024;8;50;24;33;10;15
16/10/2024;29;31;8;47;12;10
13/10/2024;31;17;28;9;21;5
09/10/2024;15;20;48;37;27;23
06/10/2024;14;9;2;25;8;6
02/10/2024;47;50;20;13;43;17
29/09/2024;43;47;26;35;15;12
25/09/2024;39;24;38;50;18;6
22/09/2024;20;37;48;17;38;4
18/09/2024;26;10;34;37;21;32
15/09/2024;36;43;29;1;3;38
11/09/2024;4;41;7;28;29;46
08/09/2024;15;35;14;7;18;23
04/09/2024;50;30;4;9;15;40
01/09/2024;23;50;41;19;4;37
28/08/2024;11;37;46;47;6;3
25/08/2024;49;1;42;14;27;36
21/08/2024;40;25;27;28;39;30
18/08/2024;47;16;46;15;40;36
14/08/2024;6;39;46;40;15;26
11/08/2024;47;50;12;38;18;43
07/08/2024;10;38;36;18;32;14
04/08/2024;38;17;2;36;41;43
31/07/2024;37;7;28;12;22;29
28/07/2024;19;14;25;3;8;26
24/07/2024;23;32;28;19;38;25
21/07/2024;39;25;11;26;30;47
17/07/2024;40;47;1;43;19;38
14/07/2024;43;3;34;5;42;26
10/07/2024;2;30;40;22;21;1
07/07/2024;7;22;34;20;19;9
03/07/2024;14;22;34;6;24;1
30/06/2024;48;38;15;42;13;34
26/06/2024;43;6;14;1;9;11
23/06/2024;30;41;11;5;36;35
19/06/2024;37;31;21;15;9;27
16/06/2024;8;46;19;2;23;21
12/06/2024;3;11;48;8;32;16
09/06/2024;39;20;29;3;7;11
05/06/2024;21;24;9;14;22;33
02/06/2024;26;12;2;8;13;37
29/05/2024;4;34;16;10;20;29
26/05/2024;25;39;29;20;18;27
22/05/2024;21;31;47;15;39;33
19/05/2024;13;18;44;15;21;38
15/05/2024;26;45;41;10;21;7
12/05/2024;10;46;25;37;20;43
08/05/2024;4;45;1;47;27;20
05/05/2024;45;36;9;25;38;5
01/05/2024;25;30;15;26;19;44
28/04/2024;25;36;41;43;6;22
24/04/2024;43;5;24;37;26;4
21/04/2024;29;2;16;36;34;15
17/04/2024;47;40;26;21;6;27
14/04/2024;5;17;7;47;41;19
10/04/2024;37;35;34;33;47;40
07/04/2024;35;20;25;5;22;10
03/04/2024;2;7;38;18;31;26
31/03/2024;17;29;43;27;4;14
27/03/2024;30;23;16;6;19;11
24/03/2024;32;21;9;48;25;28
20/03/2024;22;8;31;11;10;21
17/03/2024;17;19;13;41;34;24
13/03/2024;18;46;34;16;43;48
10/03/2024;35;34;18;32;12;30
06/03/2024;30;22;4;7;39;37
03/03/2024;25;31;6;27;33;48
28/02/2024;42;13;30;27;45;14
25/02/2024;45;40;31;35;14;5
21/02/2024;14;35;30;39;8;2
18/02/2024;42;24;31;12;35;23
14/02/2024;42;3;18;7;29;39
11/02/2024;19;41;1;31;27;12
07/02/2024;8;30;16;12;48;27
04/02/2024;34;45;42;41;18;38
31/01/2024;4;22;21;34;13;48
28/01/2024;25;3;19;21;24;15
24/01/2024;4;1;46;24;38;39
21/01/2024;22;33;36;44;27;19
17/01/2024;43;6;21;9;34;47
14/01/2024;47;27;20;44;41;28
10/01/2024;29;1;11;10;36;30
07/01/2024;18;27;4;33;7;1
03/01/2024;35;28;12;15;4;39
31/12/2023;35;28;15;23;27;9
27/12/2023;45;9;19;26;47;25
24/12/2023;36;8;42;25;35;29
20/12/2023;44;7;9;27;21;11
17/12/2023;5;22;11;17;38;10
13/12/2023;10;42;37;2;32;1
10/12/2023;6;40;32;17;47;24
06/12/2023;12;14;2;15;27;18
03/12/2023;22;8;3;1;27;19
29/11/2023;17;3;11;18;39;12
26/11/2023;33;8;40;24;45;41
22/11/2023;48;9;29;43;22;23
19/11/2023;8;23;21;31;19;20
15/11/2023;10;8;15;29;12;19
12/11/2023;27;43;17;26;46;32
08/11/2023;35;2;11;41;19;8
05/11/2023;34;32;19;3;25;14
01/11/2023;35;23;21;46;11;28
29/10/2023;10;6;11;19;39;36
25/10/2023;38;17;22;26;21;36
22/10/2023;6;38;31;47;13;10
18/10/2023;45;44;11;35;40;27
15/10/2023;13;42;41;44;36;20
11/10/2023;43;22;7;44;17;18
08/10/2023;46;10;42;17;31;14
04/10/2023;9;5;38;22;16;41
01/10/2023;28;4;10;26;18;41
27/09/2023;6;23;45;47;19;44
24/09/2023;42;38;4;6;14;31
20/09/2023;27;24;42;34;19;47
17/09/2023;36;5;47;46;7;8
13/09/2023;42;28;41;48;24;19
10/09/2023;34;41;47;7;20;3
06/09/2023;28;29;46;27;48;6
03/09/2023;9;24;38;33;29;46
30/08/2023;1;33;28;25;12;44
27/08/2023;20;22;38;28;16;14
23/08/2023;32;43;38;25;24;11
20/08/2023;43;25;27;34;6;7
16/08/2023;37;19;13;26;45;2
13/08/2023;42;19;25;38;12;37
09/08/2023;32;42;23;2;24;27
06/08/2023;47;25;39;35;27;6
02/08/2023;42;38;5;33;16;12
30/07/2023;40;27;18;44;21;39
26/07/2023;13;17;26;24;15;39
23/07/2023;15;38;31;9;26;43
19/07/2023;6;38;35;23;9;31
16/07/2023;32;48;24;44;33;25
12/07/2023;1;13;20;42;27;23
09/07/2023;26;38;29;21;6;11
05/07/2023;34;28;11;1;24;5
02/07/2023;12;43;20;10;13;22
28/06/2023;35;43;34;14;7;38
25/06/2023;19;26;23;25;2;11
21/06/2023;26;1;38;13;42;30
18/06/2023;29;13;27;21;25;11
14/06/2023;27;2;22;9;18;41
11/06/2023;2;26;20;35;8;12
07/06/2023;22;27;26;42;30;38
04/06/2023;42;38;17;36;45;43
31/05/2023;9;16;43;40;41;11
28/05/2023;1;5;21;38;10;36
24/05/2023;45;42;35;19;2;31
21/05/2023;5;12;35;29;45;18
17/05/2023;43;38;15;21;33;28
14/05/2023;16;2;12;42;1;24
10/05/2023;16;34;9;15;20;22
07/05/2023;5;22;4;1;9;23
03/05/2023;31;40;27;12;44;20
30/04/2023;8;13;43;40;27;12
26/04/2023;41;15;13;45;26;10
23/04/2023;16;25;26;12;30;42
19/04/2023;39;32;42;1;19;18
16/04/2023;15;13;40;4;46;20
12/04/2023;22;25;38;8;33;6
09/04/2023;2;19;21;25;18;8
05/04/2023;31;27;40;44;21;26
02/04/2023;14;28;31;2;24;34
29/03/2023;14;4;8;23;3;18
26/03/2023;31;32;14;3;46;35
22/03/2023;27;31;1;16;29;40
19/03/2023;20;25;22;35;23;28
15/03/2023;7;33;5;14;32;29
12/03/2023;32;40;29;31;46;4
08/03/2023;17;8;26;10;43;6
05/03/2023;15;8;43;20;13;4
01/03/2023;27;38;33;7;14;31
26/02/2023;16;2;46;43;28;5
22/02/2023;24;29;19;4;3;43
19/02/2023;19;34;36;44;22;6
15/02/2023;34;44;31;38;45;28
12/02/2023;45;25;35;42;3;36
08/02/2023;9;31;14;16;45;27
05/02/2023;30;23;37;26;22;39
01/02/2023;28;17;24;3;2;13
29/01/2023;45;5;12;11;28;46
25/01/2023;8;17;38;29;24;11
22/01/2023;39;25;32;21;24;8
18/01/2023;18;11;27;10;46;2
15/01/2023;17;4;39;13;14;22
11/01/2023;43;34;28;38;25;15
08/01/2023;4;44;22;10;3;42
04/01/2023;45;4;38;1;14;17
01/01/2023;32;41;8;24;4;21
28/12/2022;40;25;14;9;21;38
25/12/2022;34;25;16;2;15;11
21/12/2022;5;18;25;12;6;33
18/12/2022;6;12;38;7;44;15
14/12/2022;15;23;7;20;33;6
11/12/2022;14;11;34;19;35;6
07/12/2022;11;8;42;44;37;13
04/12/2022;14;5;40;33;24;27
30/11/2022;33;41;9;1;5;17
27/11/2022;37;36;20;1;11;38
23/11/2022;33;27;37;45;14;1
20/11/2022;13;6;38;32;37;10
16/11/2022;14;7;4;21;37;32
13/11/2022;10;5;25;16;7;27
09/11/2022;6;16;39;11;7;44
06/11/2022;20;5;22;13;34;28
02/11/2022;25;29;13;16;3;21
30/10/2022;44;22;10;30;14;35
26/10/2022;4;9;7;12;2;27
23/10/2022;25;32;40;37;29;44
19/10/2022;11;8;37;31;43;3
16/10/2022;12;20;30;2;24;25
12/10/2022;34;16;30;13;3;1
09/10/2022;39;10;7;1;35;40
05/10/2022;19;35;38;43;33;40
02/10/2022;37;24;9;44;32;28
28/09/2022;38;14;30;36;31;29
25/09/2022;9;13;44;36;1;17
21/09/2022;44;38;25;21;33;8
18/09/2022;28;36;31;30;32;44
14/09/2022;44;6;25;4;24;18
11/09/2022;41;44;6;35;17;12
07/09/2022;38;7;21;32;2;1
04/09/2022;28;23;42;3;37;31
31/08/2022;15;36;6;24;9;37
28/08/2022;30;19;16;34;26;41
24/08/2022;38;36;28;13;33;26
21/08/2022;12;35;5;32;27;17
17/08/2022;34;25;22;4;35;9
14/08/2022;40;6;25;29;17;21
10/08/2022;26;37;16;2;23;41
07/08/2022;29;10;19;27;14;4
03/08/2022;17;20;26;40;7;3
31/07/2022;19;23;41;25;20;12
27/07/2022;11;29;6;2;31;27
24/07/2022;7;23;4;12;3;31
20/07/2022;9;8;18;36;31;24
17/07/2022;38;8;19;11;29;23
13/07/2022;18;27;5;19;28;26
10/07/2022;35;33;44;39;37;26
06/07/2022;7;19;35;23;33;12
03/07/2022;15;17;38;31;4;26
29/06/2022;44;37;14;30;45;25
26/06/2022;32;22;16;4;8;23
22/06/2022;9;26;27;6;37;11
19/06/2022;33;31;46;14;19;9
15/06/2022;34;13;46;20;23;19
12/06/2022;3;10;17;16;18;44
08/06/2022;12;40;19;30;41;7
05/06/2022;29;32;12;3;36;6
01/06/2022;31;37;38;32;42;18
29/05/2022;19;11;45;40;22;32
25/05/2022;12;42;43;28;39;45
22/05/2022;11;10;12;21;1;26
18/05/2022;2;3;29;21;40;25
15/05/2022;22;16;41;9;34;27
11/05/2022;4;30;11;3;38;35
08/05/2022;31;27;9;46;6;12
04/05/2022;23;9;2;41;33;12
01/05/2022;43;26;16;24;33;39
27/04/2022;9;21;42;1;5;3
24/04/2022;1;40;10;31;17;13
20/04/2022;34;7;43;36;11;33
17/04/2022;2;12;37;46;4;44
13/04/2022;36;4;25;8;46;45
10/04/2022;19;35;10;32;42;25
06/04/2022;31;10;13;5;15;18
03/04/2022;4;35;34;8;5;36
30/03/2022;20;2;31;22;42;45
27/03/2022;39;25;42;7;1;41
23/03/2022;22;35;15;17;2;16
20/03/2022;46;23;33;19;21;4
16/03/2022;39;6;2;8;24;26
13/03/2022;31;43;44;29;33;22
09/03/2022;33;21;41;36;12;24
06/03/2022;12;44;3;41;14;22
02/03/2022;19;20;13;37;8;2
27/02/2022;23;45;11;30;21;10
23/02/2022;13;35;19;1;21;8
20/02/2022;28;24;46;5;11;38
16/02/2022;4;25;44;36;16;40
13/02/2022;33;6;18;31;39;1
09/02/2022;35;37;21;34;42;28
06/02/2022;11;33;32;39;35;37
02/02/2022;39;44;35;28;17;9
30/01/2022;36;21;5;15;35;4
26/01/2022;11;26;43;40;33;30
23/01/2022;21;19;14;1;8;26
19/01/2022;18;38;9;19;32;25
16/01/2022;24;23;39;33;44;12
12/01/2022;29;34;38;16;3;18
09/01/2022;29;28;13;2;14;15
05/01/2022;18;20;9;40;19;43
02/01/2022;26;13;22;45;7;37
29/12/2021;7;17;8;21;14;11
26/12/2021;29;39;17;36;23;33
22/12/2021;21;2;6;5;16;14
19/12/2021;12;15;37;41;35;26
15/12/2021;33;34;17;36;3;32
12/12/2021;20;41;9;44;16;8
08/12/2021;10;42;16;19;13;1
05/12/2021;1;6;16;29;17;9
01/12/2021;18;32;36;29;6;15
28/11/2021;22;3;5;21;2;38
24/11/2021;43;36;21;20;42;25
21/11/2021;15;24;28;38;26;44
17/11/2021;2;3;10;30;36;12
14/11/2021;8;19;17;24;36;16
10/11/2021;21;42;28;38;2;40
07/11/2021;29;34;19;33;15;31
03/11/2021;15;43;18;11;5;10
31/10/2021;31;33;39;29;35;28
27/10/2021;1;38;9;6;8;42
24/10/2021;2;12;38;37;13;16
20/10/2021;42;12;27;3;2;45
17/10/2021;38;6;10;7;23;43
13/10/2021;5;24;29;22;25;32
10/10/2021;45;20;26;37;23;39
06/10/2021;31;38;37;39;45;5
03/10/2021;32;16;39;22;29;30
29/09/2021;33;27;17;26;14;22
26/09/2021;26;37;43;32;23;29
22/09/2021;39;2;3;6;36;41
19/09/2021;10;36;23;17;35;45
15/09/2021;22;16;15;5;36;18
12/09/2021;37;14;36;24;26;42
08/09/2021;34;36;8;2;27;23
05/09/2021;43;24;33;14;28;12
01/09/2021;2;36;11;31;14;20
29/08/2021;36;17;6;40;19;25
25/08/2021;42;23;32;16;45;19
22/08/2021;37;39;15;14;2;4
18/08/2021;14;17;15;22;36;28
15/08/2021;42;5;2;35;21;45
11/08/2021;12;2;10;22;32;23
08/08/2021;28;33;40;41;39;26
04/08/2021;6;21;33;13;22;29
01/08/2021;31;28;13;42;5;12
28/07/2021;44;17;33;35;22;7
25/07/2021;28;40;26;37;22;1
21/07/2021;8;37;20;5;21;42
18/07/2021;4;34;2;16;39;36
14/07/2021;11;42;9;1;8;3
11/07/2021;14;44;35;23;11;6
07/07/2021;5;13;8;22;24;7
04/07/2021;27;44;8;20;26;12
30/06/2021;40;5;45;2;7;11
27/06/2021;31;37;25;45;29;32
23/06/2021;35;13;27;16;18;20
20/06/2021;16;4;45;7;43;3
16/06/2021;13;41;20;45;4;29
13/06/2021;16;27;28;39;20;4
09/06/2021;44;42;36;20;23;33
06/06/2021;39;22;12;4;6;37
02/06/2021;44;20;33;14;35;19
30/05/2021;42;24;14;25;41;27
26/05/2021;19;26;5;42;11;16
23/05/2021;42;8;31;10;23;33
19/05/2021;31;22;36;9;41;13
16/05/2021;5;18;27;25;15;40
12/05/2021;14;42;13;15;31;12
09/05/2021;43;26;22;44;27;29
05/05/2021;38;28;43;6;19;41
02/05/2021;21;28;19;43;26;9
28/04/2021;9;38;39;21;34;42
25/04/2021;33;26;41;23;39;30
21/04/2021;16;12;31;24;20;28
18/04/2021;28;2;24;21;42;40
14/04/2021;35;43;7;39;14;21
11/04/2021;13;8;24;33;14;10
07/04/2021;31;44;5;42;29;39
04/04/2021;4;15;41;31;17;26
31/03/2021;9;10;5;1;16;39
28/03/2021;14;19;45;27;32;30
24/03/2021;27;16;42;29;4;3
21/03/2021;16;18;17;32;31;20
17/03/2021;28;32;39;19;3;12
14/03/2021;34;39;43;29;17;42
10/03/2021;10;19;14;28;26;22
07/03/2021;9;17;32;2;38;44
03/03/2021;17;18;44;19;24;41
28/02/2021;45;27;39;21;29;44
24/02/2021;25;18;7;35;24;34
21/02/2021;14;44;41;17;28;15
17/02/2021;37;15;45;33;11;30
14/02/2021;34;22;37;11;5;38
10/02/2021;16;1;20;13;43;6
07/02/2021;27;34;2;25;29;45
03/02/2021;43;12;5;3;26;13
31/01/2021;36;42;8;30;33;40
27/01/2021;22;34;20;13;28;5
24/01/2021;1;43;14;21;19;31
20/01/2021;30;3;15;29;2;45
17/01/2021;24;3;6;20;10;14
13/01/2021;44;40;11;43;34;21
09/01/2021;44;21;45;35;40;29
06/01/2021;11;25;24;13;1;20
02/01/2021;7;41;9;16;32;15
30/12/2020;43;36;35;18;6;19
26/12/2020;38;18;34;8;37;36
23/12/2020;33;32;18;27;10;31
19/12/2020;18;45;24;15;32;3
16/12/2020;15;43;42;38;7;34
12/12/2020;34;24;25;2;23;13
09/12/2020;7;10;30;31;27;15
05/12/2020;24;8;18;34;2;39
02/12/2020;2;23;27;7;15;10
28/11/2020;43;2;38;24;6;1
25/11/2020;45;34;15;16;2;25
21/11/2020;4;37;16;43;31;2
18/11/2020;26;45;9;12;8;43
14/11/2020;15;22;25;13;18;12
11/11/2020;17;10;21;12;35;31
07/11/2020;2;9;15;25;35;10
04/11/2020;12;38;20;37;19;15
31/10/2020;28;38;43;23;4;2
28/10/2020;18;40;29;3;38;21
24/10/2020;23;3;37;16;5;25
21/10/2020;5;25;15;29;24;22
17/10/2020;23;30;5;35;11;39
14/10/2020;39;23;1;20;11;29
10/10/2020;31;38;9;34;26;17
07/10/2020;11;17;29;33;21;9
03/10/2020;38;23;26;20;6;13
30/09/2020;10;29;3;13;14;4
26/09/2020;19;37;12;40;18;27
23/09/2020;24;42;26;16;12;35
19/09/2020;15;45;7;21;32;33
16/09/2020;8;20;17;40;1;27
12/09/2020;39;24;17;6;14;19
09/09/2020;5;26;8;24;30;17
05/09/2020;25;15;3;21;22;8
02/09/2020;42;32;11;19;14;12
29/08/2020;12;22;44;5;25;33
26/08/2020;43;38;34;23;12;11
22/08/2020;16;21;40;30;8;14
15/08/2020;26;7;5;41;1;11
08/08/2020;37;34;21;20;35;9
01/08/2020;8;42;29;31;7;5
25/07/2020;45;25;31;4;44;36
18/07/2020;32;45;22;16;5;29
11/07/2020;11;36;45;17;15;30
04/07/2020;45;14;10;1;29;43
27/06/2020;34;20;2;36;31;13
20/06/2020;38;29;39;6;17;42
13/06/2020;37;1;30;21;36;5
06/06/2020;19;32;3;21;15;31
30/05/2020;36;24;17;42;26;33
15/03/2020;29;26;7;23;20;24
11/03/2020;32;34;18;17;13;31
08/03/2020;35;23;8;21;33;41
04/03/2020;30;19;21;9;43;12
01/03/2020;8;6;27;9;33;26
26/02/2020;35;42;15;37;8;38
23/02/2020;44;28;4;5;17;11
19/02/2020;6;17;24;35;44;41
16/02/2020;30;20;35;1;2;28
12/02/2020;33;25;29;9;27;26
09/02/2020;35;28;19;16;37;21
05/02/2020;38;1;37;36;19;34
02/02/2020;4;24;29;42;15;37
29/01/2020;41;31;8;43;6;45
26/01/2020;20;6;35;25;12;1
22/01/2020;11;34;40;35;42;5
19/01/2020;6;2;12;18;23;9
15/01/2020;45;17;30;18;4;26
12/01/2020;14;35;38;18;34;43
08/01/2020;13;25;1;42;29;15
05/01/2020;1;30;19;5;26;4
01/01/2020;25;24;9;13;27;34
29/12/2019;16;8;32;31;34;26
25/12/2019;39;33;34;14;13;10
22/12/2019;24;35;17;11;44;23
18/12/2019;13;30;28;4;39;2
15/12/2019;21;26;15;2;39;38
11/12/2019;34;20;19;2;4;44
08/12/2019;39;20;7;36;44;37
04/12/2019;29;33;31;10;3;44
01/12/2019;1;11;32;4;15;23
27/11/2019;24;7;23;15;39;45
24/11/2019;26;1;8;14;29;18
20/11/2019;45;19;40;39;15;35
17/11/2019;1;8;44;40;36;12
13/11/2019;36;17;28;40;32;15
10/11/2019;28;34;9;27;41;13
06/11/2019;37;33;20;31;29;27
03/11/2019;16;38;7;6;14;1
30/10/2019;24;9;28;17;33;29
27/10/2019;12;29;41;24;36;40
23/10/2019;25;19;31;29;33;15
20/10/2019;29;37;38;30;10;4
16/10/2019;25;5;21;35;13;40
13/10/2019;10;14;2;36;37;44
09/10/2019;26;2;7;41;19;3
06/10/2019;1;12;17;20;27;3
02/10/2019;28;13;4;9;43;44
29/09/2019;26;14;13;2;43;32
25/09/2019;28;30;34;4;16;40
22/09/2019;3;9;19;8;17;2
18/09/2019;38;36;7;8;11;23
15/09/2019;40;29;31;41;8;12
11/09/2019;14;31;9;8;27;36
08/09/2019;6;25;9;13;15;10
04/09/2019;45;41;23;24;10;28
01/09/2019;28;43;41;32;44;45
28/08/2019;3;29;26;6;41;44
25/08/2019;37;22;7;13;35;40
21/08/2019;44;28;45;27;36;25
18/08/2019;6;8;17;15;22;3
14/08/2019;1;15;41;8;14;3
11/08/2019;30;12;35;41;4;21
07/08/2019;30;2;26;5;12;27
04/08/2019;34;32;23;11;31;39
31/07/2019;9;24;7;29;45;35
28/07/2019;24;32;15;18;28;23
24/07/2019;27;5;40;38;20;15
21/07/2019;26;41;37;17;28;8
17/07/2019;22;7;33;40;34;9
14/07/2019;16;18;14;8;28;35
10/07/2019;38;20;27;31;22;39
07/07/2019;32;37;14;39;5;25
03/07/2019;21;36;22;9;23;15
30/06/2019;7;19;8;12;26;42
26/06/2019;35;28;22;25;40;34
23/06/2019;1;7;14;25;24;22
19/06/2019;33;13;11;27;30;21
16/06/2019;12;11;28;9;45;15
12/06/2019;6;28;44;27;23;16
09/06/2019;11;26;41;2;23;3
05/06/2019;45;42;32;41;15;40
02/06/2019;19;42;11;31;9;3
29/05/2019;16;13;37;3;27;24
26/05/2019;33;4;1;36;12;27
22/05/2019;18;34;11;10;16;44
19/05/2019;4;2;20;3;13;19
15/05/2019;31;29;30;38;40;1
12/05/2019;44;16;37;20;14;32
08/05/2019;32;10;35;21;45;12
05/05/2019;5;10;25;7;41;8
01/05/2019;38;3;42;10;23;34
28/04/2019;14;19;34;33;20;35
24/04/2019;38;25;8;17;36;43
21/04/2019;36;9;14;7;11;26
17/04/2019;34;21;23;26;18;16
14/04/2019;5;36;29;13;8;24
10/04/2019;31;45;41;13;43;4
07/04/2019;30;20;12;9;17;16
03/04/2019;41;39;1;17;43;6
31/03/2019;17;27;43;1;37;25
27/03/2019;44;23;40;37;1;28
24/03/2019;24;28;17;43;26;36
20/03/2019;13;44;43;12;16;15
17/03/2019;24;7;41;11;4;12
13/03/2019;10;15;26;25;2;8
10/03/2019;24;43;21;25;37;4
06/03/2019;30;23;27;45;8;5
03/03/2019;42;29;17;32;14;41
27/02/2019;41;45;6;32;5;38
24/02/2019;15;45;4;41;22;39
20/02/2019;9;41;10;15;1;19
17/02/2019;40;10;28;25;31;42
13/02/2019;13;5;35;33;40;30
10/02/2019;1;43;12;20;33;19
06/02/2019;26;1;37;9;27;20
03/02/2019;40;37;24;8;16;32
30/01/2019;24;36;33;43;42;37
27/01/2019;35;4;15;32;25;43
23/01/2019;35;2;29;17;3;31
20/01/2019;41;29;42;24;37;9
16/01/2019;39;21;31;17;12;7
13/01/2019;41;16;45;22;33;14
09/01/2019;43;2;10;8;45;15
06/01/2019;26;21;16;33;41;39
02/01/2019;10;39;1;29;16;8
30/12/2018;35;32;18;22;12;38
26/12/2018;17;44;11;14;31;6
23/12/2018;2;35;12;21;45;16
19/12/2018;9;3;23;40;33;5
16/12/2018;13;38;6;15;1;5
12/12/2018;26;15;5;7;22;12
09/12/2018;39;7;34;5;37;24
05/12/2018;3;45;24;14;9;29
02/12/2018;18;23;1;31;3;27
28/11/2018;3;29;30;12;44;18
25/11/2018;29;24;42;11;8;10
21/11/2018;34;11;35;25;4;31
18/11/2018;32;29;21;8;20;4
14/11/2018;37;1;21;2;27;4
11/11/2018;41;1;45;12;27;29
07/11/2018;25;26;32;30;16;14
04/11/2018;17;19;8;41;2;38
31/10/2018;18;40;29;39;2;41
28/10/2018;20;4;24;36;10;33
24/10/2018;12;2;5;39;32;27
21/10/2018;3;20;43;32;4;41
17/10/2018;19;6;26;14;30;44
14/10/2018;39;26;7;37;23;32
10/10/2018;17;6;5;2;38;30
07/10/2018;38;13;6;29;19;35
03/10/2018;39;16;10;34;27;40
30/09/2018;45;36;21;2;26;9
26/09/2018;36;13;28;25;43;5
23/09/2018;1;33;3;44;10;26
19/09/2018;44;8;10;17;20;45
16/09/2018;26;44;30;11;32;19
12/09/2018;25;42;4;3;41;40
09/09/2018;35;23;11;24;28;42
05/09/2018;34;30;33;22;5;16
02/09/2018;16;31;17;9;2;29
29/08/2018;13;28;1;9;34;18
26/08/2018;44;40;4;39;32;15
22/08/2018;17;9;44;15;4;32
19/08/2018;27;43;26;32;35;13
15/08/2018;11;7;6;39;44;16
12/08/2018;34;6;25;20;21;22
08/08/2018;3;24;42;31;44;33
05/08/2018;38;6;10;27;20;12
01/08/2018;42;1;15;44;19;29
29/07/2018;10;27;14;8;26;32
25/07/2018;24;31;38;11;28;14
22/07/2018;33;28;23;39;22;13
18/07/2018;15;13;34;25;5;10
15/07/2018;7;4;24;36;42;8
11/07/2018;13;22;30;26;5;37
08/07/2018;40;15;23;25;24;14
04/07/2018;34;40;32;31;14;38
01/07/2018;15;9;35;38;44;36
27/06/2018;27;24;17;45;38;25
24/06/2018;27;45;17;38;33;5
20/06/2018;37;26;2;11;44;43
17/06/2018;26;3;23;8;44;41
13/06/2018;34;35;7;13;30;1
10/06/2018;26;34;36;28;32;8
06/06/2018;14;16;35;31;36;38
03/06/2018;30;24;35;2;8;42
30/05/2018;22;26;14;9;20;13
27/05/2018;12;28;5;10;14;1
23/05/2018;6;41;7;35;1;3
20/05/2018;18;45;25;26;28;16
16/05/2018;19;41;37;35;34;2
13/05/2018;29;24;21;44;1;19
09/05/2018;11;30;35;31;14;45
06/05/2018;11;9;23;5;15;31
02/05/2018;43;19;1;23;5;28
29/04/2018;41;32;20;19;28;34
25/04/2018;25;2;36;4;18;23
22/04/2018;15;41;45;36;32;26
18/04/2018;13;32;23;9;14;12
15/04/2018;18;43;3;24;8;13
11/04/2018;23;12;21;3;27;36
08/04/2018;9;1;23;17;22;20
04/04/2018;11;1;18;19;14;2
01/04/2018;30;16;39;44;32;3
28/03/2018;36;40;25;41;5;44
25/03/2018;2;20;6;8;41;43
21/03/2018;21;2;19;20;17;33
18/03/2018;32;5;28;11;38;26
14/03/2018;14;8;3;41;27;35
11/03/2018;35;22;36;13;21;17
07/03/2018;38;12;33;13;32;30
04/03/2018;31;26;45;36;44;5
28/02/2018;18;3;22;30;2;36
25/02/2018;42;28;6;11;27;26
21/02/2018;8;13;7;44;25;23
18/02/2018;11;21;45;4;18;27
14/02/2018;39;44;26;38;22;43
11/02/2018;38;5;10;37;25;4
07/02/2018;36;1;4;25;6;2
04/02/2018;16;42;26;28;41;17
31/01/2018;35;6;17;43;34;4
28/01/2018;41;25;18;16;19;10
24/01/2018;37;36;24;20;13;17
21/01/2018;45;3;44;24;12;2
17/01/2018;1;34;35;7;11;4
14/01/2018;42;23;29;8;1;6
10/01/2018;9;5;26;22;42;43
07/01/2018;14;22;23;33;12;15
03/01/2018;14;30;12;37;38;20
31/12/2017;10;3;31;39;1;17
27/12/2017;33;42;34;16;44;1
24/12/2017;45;43;27;11;41;25
20/12/2017;15;31;30;10;32;25
17/12/2017;42;9;30;24;1;37
13/12/2017;27;41;14;26;12;6
10/12/2017;43;11;12;33;1;35
06/12/2017;2;43;21;5;30;27
03/12/2017;45;14;35;42;8;9
29/11/2017;43;8;7;37;3;27
26/11/2017;14;1;27;11;23;37
22/11/2017;41;25;6;3;8;24
19/11/2017;42;3;20;11;36;15
15/11/2017;21;45;44;38;34;36
12/11/2017;28;23;5;21;4;1
08/11/2017;36;38;5;45;35;29
05/11/2017;34;13;19;22;44;5
01/11/2017;16;1;21;11;15;25
29/10/2017;17;13;38;31;3;22
25/10/2017;3;37;38;18;36;32
22/10/2017;42;18;24;45;17;32
18/10/2017;34;19;5;18;23;2
15/10/2017;23;39;45;31;21;33
11/10/2017;19;44;25;13;40;30
08/10/2017;26;5;24;35;9;6
04/10/2017;33;20;26;19;16;4
01/10/2017;30;17;33;35;19;14
27/09/2017;35;24;45;29;22;31
24/09/2017;21;2;26;9;36;42
20/09/2017;35;15;8;42;45;3
17/09/2017;18;16;45;27;22;5
13/09/2017;35;19;8;18;16;25
10/09/2017;22;13;34;42;2;10
06/09/2017;37;9;17;36;13;21
03/09/2017;31;9;43;1;3;44
30/08/2017;41;8;32;26;12;36
27/08/2017;39;8;21;3;11;22
23/08/2017;41;10;8;36;25;13
20/08/2017;5;25;20;44;9;30
16/08/2017;43;13;4;40;19;6
13/08/2017;13;8;18;15;10;43
09/08/2017;24;36;18;31;2;1
06/08/2017;29;26;44;28;13;11
02/08/2017;15;11;22;44;14;20
30/07/2017;30;41;23;3;26;28
26/07/2017;2;18;25;15;30;32
23/07/2017;27;31;5;9;38;13
19/07/2017;40;15;36;35;6;38
16/07/2017;22;40;31;32;16;34
12/07/2017;12;36;35;8;17;2
09/07/2017;30;8;23;16;35;38
05/07/2017;38;12;37;24;21;34
02/07/2017;8;16;37;7;22;20
28/06/2017;22;15;9;10;38;30
25/06/2017;4;25;3;31;43;1
21/06/2017;23;10;45;17;35;22
18/06/2017;18;25;36;22;1;6
14/06/2017;39;13;3;5;2;35
11/06/2017;41;3;28;1;13;9
07/06/2017;29;27;5;24;38;34
04/06/2017;44;3;1;31;36;4
31/05/2017;13;19;5;44;43;24
28/05/2017;41;35;16;31;37;29
24/05/2017;18;36;43;42;2;28
21/05/2017;29;34;43;22;15;2
17/05/2017;34;23;22;16;11;31
14/05/2017;17;22;14;5;15;33
10/05/2017;22;5;10;24;27;41
07/05/2017;3;21;4;33;43;45
03/05/2017;5;10;24;36;39;43
30/04/2017;4;10;15;28;44;45
26/04/2017;2;5;9;17;24;26
23/04/2017;1;9;13;34;36;39
19/04/2017;12;13;19;23;24;42
16/04/2017;11;15;20;31;36;45
12/04/2017;5;10;25;32;33;41
09/04/2017;11;13;15;20;37;43
05/04/2017;4;16;19;22;23;30
02/04/2017;3;7;18;28;34;44
29/03/2017;2;17;28;31;34;41
26/03/2017;8;12;18;23;32;33
22/03/2017;8;11;13;18;20;30
19/03/2017;5;8;17;19;26;34
15/03/2017;13;22;23;27;32;42
12/03/2017;1;3;14;29;32;35
08/03/2017;2;18;20;26;29;33
05/03/2017;1;14;19;37;43;44
01/03/2017;1;2;14;19;32;39
26/02/2017;3;23;26;33;41;45
22/02/2017;11;23;30;37;38;42
19/02/2017;25;29;30;36;40;44
15/02/2017;11;17;31;33;38;44
12/02/2017;12;16;17;24;25;31
08/02/2017;11;16;23;29;33;44
05/02/2017;24;25;30;36;37;40
01/02/2017;4;23;29;37;39;43
29/01/2017;11;14;27;31;32;43
25/01/2017;9;18;19;26;31;38
22/01/2017;1;4;10;11;25;32
18/01/2017;12;16;32;33;39;44
15/01/2017;1;5;10;23;27;36
11/01/2017;8;9;20;24;40;41
08/01/2017;3;19;35;39;43;44
04/01/2017;11;13;22;26;42;45
01/01/2017;4;7;12;20;35;38
28/12/2016;10;24;29;38;39;45
25/12/2016;3;29;31;36;37;38
21/12/2016;3;10;32;42;43;44
18/12/2016;1;4;10;11;19;45
14/12/2016;7;8;12;16;17;20
11/12/2016;2;6;15;27;40;43
07/12/2016;8;10;22;28;31;36
04/12/2016;1;6;15;25;26;28
30/11/2016;1;20;25;27;38;44
27/11/2016;5;24;26;27;34;43
23/11/2016;4;8;12;17;25;43
20/11/2016;5;27;29;34;35;41
16/11/2016;6;10;13;34;35;39
13/11/2016;14;22;23;27;28;40
09/11/2016;14;18;19;20;36;45
06/11/2016;11;14;28;38;39;40
02/11/2016;7;9;26;34;35;45
30/10/2016;14;18;26;27;30;32
26/10/2016;3;7;8;28;30;39
23/10/2016;8;11;19;24;33;38
19/10/2016;14;17;23;30;32;43
16/10/2016;1;16;24;34;39;45
12/10/2016;1;29;30;31;40;42
09/10/2016;2;4;7;14;23;42
05/10/2016;2;11;21;23;25;33
02/10/2016;2;5;31;34;35;43
28/09/2016;7;8;23;27;32;43
25/09/2016;6;21;25;39;44;45
21/09/2016;11;17;20;35;36;37
18/09/2016;5;6;11;13;21;42
14/09/2016;2;14;16;26;42;43
11/09/2016;12;17;21;25;41;43
07/09/2016;3;5;6;16;28;42
04/09/2016;3;5;13;15;23;32
31/08/2016;10;16;18;19;28;35
28/08/2016;3;5;6;15;16;27
24/08/2016;14;16;25;27;29;41
21/08/2016;26;29;31;32;39;41
17/08/2016;17;25;29;42;44;45
14/08/2016;8;22;24;29;31;32
10/08/2016;1;15;17;32;37;40
07/08/2016;2;6;34;37;41;42
03/08/2016;1;8;14;36;37;41
31/07/2016;17;18;21;34;35;42
27/07/2016;9;24;27;30;31;35
24/07/2016;1;4;10;13;23;42
20/07/2016;10;13;15;36;37;43
17/07/2016;18;19;25;30;37;44
13/07/2016;3;10;12;25;30;41
10/07/2016;2;7;15;41;43;45
06/07/2016;9;18;21;26;27;40
03/07/2016;10;15;31;32;41;44
29/06/2016;5;26;31;41;44;45
26/06/2016;2;15;24;31;33;40
22/06/2016;4;6;14;21;43;45
19/06/2016;1;4;12;19;31;45
15/06/2016;6;20;32;35;43;45
12/06/2016;1;8;11;12;15;36
08/06/2016;5;15;22;30;33;45
05/06/2016;15;18;20;29;30;45
01/06/2016;4;6;18;20;34;44
29/05/2016;2;17;19;27;37;42
25/05/2016;5;8;11;12;33;44
22/05/2016;5;8;15;19;34;42
18/05/2016;10;12;16;28;39;41
15/05/2016;2;4;19;20;27;44
11/05/2016;4;6;17;18;27;41
08/05/2016;8;16;22;35;38;45
04/05/2016;5;12;15;21;34;35
01/05/2016;7;9;26;32;40;43
27/04/2016;15;20;22;30;35;36
24/04/2016;2;4;8;25;29;35
20/04/2016;1;22;29;38;39;43
17/04/2016;1;5;6;24;26;33
13/04/2016;4;9;13;36;39;45
10/04/2016;4;11;13;20;22;42
06/04/2016;4;13;26;28;35;38
03/04/2016;4;10;14;25;30;40
30/03/2016;1;7;8;9;26;34
27/03/2016;15;27;28;31;32;38
23/03/2016;3;12;16;23;32;42
20/03/2016;4;8;9;13;32;45
16/03/2016;13;20;23;27;42;43
13/03/2016;1;5;7;36;37;45
09/03/2016;1;14;15;27;34;35
06/03/2016;13;22;24;26;32;34
02/03/2016;2;6;9;14;34;42
28/02/2016;2;15;19;22;42;45
24/02/2016;2;3;5;7;10;19
21/02/2016;7;14;15;25;28;35
17/02/2016;15;16;17;27;30;45
14/02/2016;3;4;15;16;41;43
10/02/2016;1;14;17;22;35;39
07/02/2016;13;17;28;38;43;45
03/02/2016;13;14;16;24;25;31
31/01/2016;7;8;20;34;42;45
27/01/2016;2;3;20;21;35;42
24/01/2016;5;19;22;29;34;38
20/01/2016;12;18;21;30;40;45
17/01/2016;1;5;6;12;24;40
13/01/2016;5;7;20;24;34;36
10/01/2016;4;16;17;26;32;36
06/01/2016;3;7;8;34;35;37
03/01/2016;1;6;7;27;30;34
30/12/2015;6;9;15;25;32;38
27/12/2015;1;10;11;28;35;44
23/12/2015;6;20;28;31;34;39
20/12/2015;3;17;20;25;34;45
16/12/2015;1;24;29;34;38;43
13/12/2015;2;16;23;40;42;45
09/12/2015;8;13;28;30;34;44
06/12/2015;7;17;21;22;33;44
02/12/2015;15;17;22;31;34;41
29/11/2015;4;12;14;17;20;42
25/11/2015;9;12;13;14;23;40
22/11/2015;12;19;20;27;29;38
18/11/2015;6;8;18;22;32;37
15/11/2015;13;20;30;39;44;45
11/11/2015;10;36;38;39;40;41
08/11/2015;18;20;28;31;37;43
04/11/2015;4;5;12;22;33;42
01/11/2015;2;8;12;22;33;42
28/10/2015;8;11;15;19;25;45
25/10/2015;10;15;18;19;32;34
21/10/2015;15;24;30;34;35;37
18/10/2015;9;21;30;31;35;41
14/10/2015;2;6;14;27;29;42
11/10/2015;5;14;19;21;38;39
07/10/2015;10;11;18;20;24;45
04/10/2015;1;5;23;24;36;40
30/09/2015;12;21;27;32;44;45
27/09/2015;8;9;17;40;44;45
23/09/2015;1;23;24;27;29;33
20/09/2015;6;7;14;23;27;28
16/09/2015;8;9;11;12;14;43
13/09/2015;1;2;3;4;30;43
09/09/2015;2;20;31;38;41;42
06/09/2015;10;27;30;34;37;42
02/09/2015;5;11;14;24;25;26
30/08/2015;17;20;25;31;35;39
26/08/2015;10;11;22;25;27;41
23/08/2015;2;3;7;18;23;35
19/08/2015;10;23;26;30;37;40
16/08/2015;8;15;30;32;42;43
12/08/2015;4;11;13;15;28;32
09/08/2015;9;13;18;20;29;31
05/08/2015;1;13;17;18;36;45
02/08/2015;25;31;34;37;41;44
29/07/2015;8;12;30;35;37;41
26/07/2015;20;22;24;38;39;42
22/07/2015;11;23;24;29;40;42
19/07/2015;13;26;28;29;35;42
15/07/2015;13;14;15;16;24;37
12/07/2015;3;9;33;34;39;40
08/07/2015;10;11;15;22;23;33
05/07/2015;2;10;18;19;31;40
01/07/2015;3;10;28;31;39;44
28/06/2015;16;19;24;34;39;40
24/06/2015;2;5;8;13;20;43
21/06/2015;9;11;12;15;32;33
17/06/2015;1;5;10;14;21;22
14/06/2015;10;20;29;33;43;45
10/06/2015;1;16;34;35;36;45
07/06/2015;1;8;14;17;20;27
03/06/2015;6;15;17;21;23;38
31/05/2015;2;9;11;19;38;43
27/05/2015;1;20;21;25;33;34
24/05/2015;2;16;33;34;35;40
20/05/2015;7;29;31;33;36;45
17/05/2015;3;20;23;28;37;42
13/05/2015;1;13;14;15;23;38
10/05/2015;2;12;18;20;27;42
06/05/2015;17;18;26;27;29;41
03/05/2015;1;4;19;27;29;30
29/04/2015;13;15;16;22;34;40
26/04/2015;19;24;26;42;43;45
22/04/2015;2;7;11;12;35;40
19/04/2015;4;11;15;28;29;33
15/04/2015;3;6;8;11;24;44
12/04/2015;11;16;35;40;43;44
08/04/2015;10;11;17;24;27;41
05/04/2015;8;10;22;26;34;38
01/04/2015;14;16;22;24;29;32
29/03/2015;6;22;25;30;37;42
25/03/2015;6;9;39;40;42;44
22/03/2015;12;19;23;28;30;39
18/03/2015;2;8;14;20;26;35
15/03/2015;1;18;21;23;35;40
11/03/2015;12;13;18;19;21;34
08/03/2015;1;4;19;34;40;44
04/03/2015;8;10;18;20;29;32
01/03/2015;10;21;25;28;30;33
25/02/2015;3;22;38;41;43;44
22/02/2015;10;13;15;16;30;34
18/02/2015;12;17;27;34;40;41
15/02/2015;12;15;16;26;30;41
11/02/2015;2;12;19;25;28;41
08/02/2015;5;10;11;34;36;39
04/02/2015;10;23;27;34;39;40
01/02/2015;8;13;18;32;34;35
28/01/2015;6;12;14;17;22;34
25/01/2015;5;11;27;32;41;45
21/01/2015;6;18;20;24;31;43
18/01/2015;1;5;7;32;34;45
14/01/2015;4;7;12;26;29;32
11/01/2015;10;21;22;26;33;38
07/01/2015;4;7;12;27;29;32
04/01/2015;5;11;24;36;37;38
31/12/2014;6;14;16;26;28;41
28/12/2014;9;14;16;25;35;40
24/12/2014;3;19;21;25;31;37
21/12/2014;18;21;30;40;42;43
17/12/2014;1;16;27;31;40;42
14/12/2014;6;12;17;22;26;33
10/12/2014;11;14;17;41;43;44
07/12/2014;5;10;11;24;28;34
03/12/2014;2;21;25;26;30;40
30/11/2014;14;22;30;40;41;43
26/11/2014;3;13;17;26;34;36
23/11/2014;9;14;25;26;37;40
19/11/2014;1;2;13;19;34;36
16/11/2014;11;18;35;37;42;44
12/11/2014;6;9;25;26;30;36
09/11/2014;4;19;26;27;31;35
05/11/2014;2;3;14;16;33;43
02/11/2014;4;5;8;11;23;27
29/10/2014;2;17;24;26;29;31
26/10/2014;16;26;36;38;39;40
22/10/2014;7;14;22;29;33;39
19/10/2014;4;6;13;14;23;28
15/10/2014;1;3;11;14;35;43
12/10/2014;4;5;22;26;33;42
08/10/2014;4;9;12;14;31;34
05/10/2014;8;19;27;30;36;45
01/10/2014;1;24;29;30;32;45
28/09/2014;7;12;19;23;29;39
24/09/2014;13;19;23;33;34;35
21/09/2014;3;4;26;27;38;42
17/09/2014;2;5;6;16;34;43
14/09/2014;11;17;18;28;32;40
10/09/2014;8;13;18;36;39;44
07/09/2014;11;23;27;32;36;40
03/09/2014;12;21;29;39;40;43
31/08/2014;11;14;16;19;20;45
27/08/2014;3;7;24;35;38;39
24/08/2014;4;8;20;28;29;35
20/08/2014;4;6;10;19;22;28
17/08/2014;2;17;24;31;41;42
13/08/2014;7;10;11;14;42;44
10/08/2014;6;20;28;30;31;45
06/08/2014;1;9;18;35;36;39
03/08/2014;6;11;15;24;32;39
30/07/2014;2;3;29;32;39;41
27/07/2014;2;5;17;30;42;43
23/07/2014;10;14;16;21;39;42
20/07/2014;7;9;10;14;15;22
16/07/2014;2;6;15;17;27;37
13/07/2014;4;14;20;30;41;45
09/07/2014;1;3;6;12;22;42
06/07/2014;2;10;13;20;35;38
02/07/2014;15;29;37;39;40;45
29/06/2014;3;5;20;25;32;43
25/06/2014;4;9;20;30;37;41
22/06/2014;11;16;18;27;36;38
18/06/2014;4;14;15;26;32;37
15/06/2014;2;7;8;10;26;35
11/06/2014;9;13;21;23;26;31
08/06/2014;1;14;25;27;29;36
04/06/2014;14;19;28;30;36;38
01/06/2014;4;5;12;17;22;32
28/05/2014;6;9;13;26;28;42
25/05/2014;19;25;31;35;42;44
21/05/2014;9;27;34;38;41;43
18/05/2014;16;22;30;31;33;38
14/05/2014;21;23;29;30;32;39
11/05/2014;5;11;12;18;35;42
07/05/2014;1;15;19;21;33;40
04/05/2014;2;3;27;31;34;35
30/04/2014;6;12;20;24;31;42
27/04/2014;10;11;22;27;37;42
23/04/2014;14;19;25;37;40;45
20/04/2014;4;8;16;17;19;20
16/04/2014;19;21;23;37;40;44
13/04/2014;2;7;29;32;36;39
09/04/2014;16;17;18;35;40;42
06/04/2014;6;9;21;23;37;42
02/04/2014;17;22;31;37;38;41
30/03/2014;1;4;21;23;31;32
26/03/2014;1;2;8;22;30;32
23/03/2014;1;8;10;11;20;40
19/03/2014;12;18;21;23;34;38
16/03/2014;24;26;28;33;35;43
12/03/2014;15;26;31;34;37;39
09/03/2014;3;7;16;20;41;44
05/03/2014;6;10;27;30;33;37
02/03/2014;6;21;23;26;40;41
26/02/2014;20;22;36;38;40;45
23/02/2014;12;19;21;24;30;33
19/02/2014;5;21;26;31;37;40
16/02/2014;7;10;13;15;18;30
12/02/2014;2;11;12;13;25;42
09/02/2014;4;6;10;14;17;32
05/02/2014;3;4;8;24;26;33
02/02/2014;9;14;20;22;30;35
29/01/2014;6;8;31;34;36;44
26/01/2014;3;15;20;26;39;45
22/01/2014;4;10;21;22;26;36
19/01/2014;1;17;21;39;42;44
15/01/2014;13;15;16;20;23;37
12/01/2014;2;16;32;33;34;37
08/01/2014;7;21;26;28;31;44
05/01/2014;3;7;8;23;27;42
01/01/2014;15;19;27;33;35;37
29/12/2013;7;8;22;34;39;40
25/12/2013;4;22;29;30;43;44
22/12/2013;6;9;10;15;21;36
18/12/2013;7;10;18;27;31;44
15/12/2013;3;13;29;36;40;41
11/12/2013;12;27;32;36;41;45
08/12/2013;6;18;24;25;40;45
04/12/2013;1;4;17;19;28;38
01/12/2013;5;6;7;23;32;44
27/11/2013;2;5;11;25;36;37
24/11/2013;4;10;18;24;34;39
20/11/2013;1;5;6;12;27;31
17/11/2013;2;8;11;31;34;43
13/11/2013;4;9;13;17;21;30
10/11/2013;17;18;21;23;30;34
06/11/2013;2;25;26;33;37;38
03/11/2013;8;10;19;30;31;41
30/10/2013;3;16;31;39;40;41
27/10/2013;4;8;15;24;29;31
23/10/2013;26;28;33;39;43;44
20/10/2013;14;15;18;31;41;43
16/10/2013;1;16;32;34;40;45
13/10/2013;1;20;21;22;32;35
09/10/2013;12;23;24;28;37;42
04/01/2012;1;2;6;22;27;38
01/01/2012;2;6;13;15;39;40
28/12/2011;13;21;26;35;37;45
25/12/2011;3;13;17;20;22;37
21/12/2011;2;5;10;15;36;43
18/12/2011;6;10;33;34;35;37
14/12/2011;7;19;29;33;36;41
11/12/2011;3;16;18;25;32;45
07/12/2011;1;2;10;11;18;26
04/12/2011;5;10;19;24;26;27
30/11/2011;4;11;13;15;16;38
27/11/2011;1;11;31;32;35;44
23/11/2011;4;7;12;30;39;44
20/11/2011;7;19;21;22;28;35
16/11/2011;12;15;17;29;31;38
13/11/2011;10;11;13;18;35;39
09/11/2011;8;15;18;33;39;43
06/11/2011;1;4;5;15;32;42
02/11/2011;1;3;14;17;26;28
30/10/2011;8;11;20;40;41;43
26/10/2011;5;12;17;22;27;41
23/10/2011;11;23;33;36;38;44
19/10/2011;7;12;17;29;36;39
16/10/2011;7;9;12;26;41;42
12/10/2011;3;14;21;23;25;45
09/10/2011;2;3;13;21;25;35
05/10/2011;8;10;11;23;37;40
02/10/2011;14;16;19;25;26;45
28/09/2011;6;14;17;25;37;41
25/09/2011;24;30;32;36;39;40
21/09/2011;2;6;10;12;24;36
18/09/2011;2;15;18;28;34;36
14/09/2011;1;8;19;20;22;31
11/09/2011;1;2;5;21;25;37
07/09/2011;4;12;25;33;38;45
04/09/2011;3;9;13;21;38;42
31/08/2011;2;11;19;36;42;45
28/08/2011;2;19;20;28;31;35
24/08/2011;13;20;28;37;43;44
21/08/2011;4;21;28;30;33;39
17/08/2011;1;19;25;30;31;45
14/08/2011;3;4;5;6;22;34
10/08/2011;2;3;7;25;35;36
07/08/2011;7;19;24;28;29;34
03/08/2011;5;11;12;13;20;24
31/07/2011;1;7;12;18;20;43
27/07/2011;5;12;15;16;36;37
24/07/2011;5;23;25;34;42;45
20/07/2011;4;8;12;13;18;39
17/07/2011;8;10;15;16;21;25
13/07/2011;11;12;28;32;37;44
10/07/2011;5;9;16;18;35;38
06/07/2011;18;28;33;36;37;38
03/07/2011;4;11;13;23;25;32
29/06/2011;3;10;17;22;25;33
26/06/2011;3;5;10;16;27;28
22/06/2011;5;10;22;23;26;39
19/06/2011;19;22;30;41;42;45
15/06/2011;1;16;24;28;41;45
12/06/2011;3;4;5;13;27;37
08/06/2011;8;9;19;22;38;43
05/06/2011;5;15;24;27;37;42
01/06/2011;2;21;22;34;39;40
29/05/2011;12;13;17;25;36;42
25/05/2011;2;5;10;23;27;40
22/05/2011;11;19;22;28;29;33
18/05/2011;5;7;9;23;39;40
15/05/2011;7;24;28;32;41;42
11/05/2011;6;20;23;25;37;43
08/05/2011;13;18;33;34;44;45
04/05/2011;10;12;19;22;39;42
01/05/2011;2;12;14;15;20;21
27/04/2011;14;22;27;33;34;45
24/04/2011;6;7;21;26;35;42
20/04/2011;10;13;21;22;34;45
17/04/2011;6;18;19;33;35;40
13/04/2011;3;5;22;27;34;40
10/04/2011;3;9;14;38;40;41
06/04/2011;10;15;31;32;36;43
03/04/2011;14;29;30;32;40;41
30/03/2011;3;13;25;33;40;45
27/03/2011;10;19;22;23;32;43
23/03/2011;5;8;25;36;37;41
20/03/2011;3;10;11;20;27;32
16/03/2011;16;17;19;25;26;34
13/03/2011;18;33;36;38;39;42
09/03/2011;4;5;6;11;12;30
06/03/2011;16;20;25;27;28;31
02/03/2011;15;18;20;29;32;41
27/02/2011;19;21;26;31;33;41
23/02/2011;4;18;23;25;40;41
20/02/2011;1;3;6;24;25;39
16/02/2011;4;16;20;22;32;45
13/02/2011;2;5;28;33;38;43
09/02/2011;3;14;15;20;37;45
06/02/2011;6;11;12;14;27;28
02/02/2011;5;20;25;28;35;39
30/01/2011;7;8;13;14;25;45
26/01/2011;2;4;16;28;29;34
23/01/2011;10;12;19;22;28;45
19/01/2011;9;16;23;31;33;36
16/01/2011;3;13;15;31;36;41
12/01/2011;3;9;28;35;40;42
09/01/2011;2;5;14;15;38;42
05/01/2011;8;12;13;32;37;38
02/01/2011;2;3;6;13;15;29
29/12/2010;11;12;15;21;24;28
26/12/2010;17;18;25;28;30;32
22/12/2010;10;20;32;39;40;44
19/12/2010;1;3;16;27;31;44
15/12/2010;4;7;20;24;25;35
12/12/2010;4;19;20;23;36;42
08/12/2010;1;3;8;17;32;43
05/12/2010;3;8;12;14;33;37
01/12/2010;13;15;16;17;27;39
28/11/2010;1;9;13;23;27;43
24/11/2010;2;5;9;35;38;41
21/11/2010;4;5;8;12;21;34
17/11/2010;5;7;26;35;40;44
14/11/2010;9;13;14;32;35;37
10/11/2010;2;5;8;14;25;37
07/11/2010;5;11;17;22;36;37
03/11/2010;1;9;24;32;37;41
31/10/2010;3;9;25;27;39;43
27/10/2010;8;22;23;30;44;45
24/10/2010;4;13;17;19;24;31
20/10/2010;12;25;26;34;42;44
17/10/2010;3;4;20;31;38;40
13/10/2010;13;18;19;23;26;27
10/10/2010;3;12;17;22;24;45
06/10/2010;11;18;19;31;38;44
03/10/2010;2;9;19;29;33;42
29/09/2010;11;20;22;24;30;31
26/09/2010;5;22;27;28;39;41
22/09/2010;7;8;11;26;27;44
19/09/2010;6;8;18;22;28;30
15/09/2010;2;6;10;12;14;39
12/09/2010;1;10;31;34;44;45
08/09/2010;2;12;16;24;35;39
05/09/2010;7;10;16;18;20;33
01/09/2010;2;7;10;18;19;44
29/08/2010;3;13;25;38;40;41
25/08/2010;1;22;26;28;29;36
22/08/2010;2;18;26;37;40;44
18/08/2010;12;24;25;28;31;37
15/08/2010;1;2;8;35;38;44
11/08/2010;1;9;10;14;23;25
08/08/2010;11;16;17;18;20;22
04/08/2010;2;9;22;30;36;38
01/08/2010;6;7;9;10;16;39
28/07/2010;11;14;25;31;34;35
25/07/2010;3;11;19;28;37;43
21/07/2010;18;21;29;40;41;42
18/07/2010;7;20;21;26;42;44
14/07/2010;3;5;21;24;31;42
11/07/2010;6;7;23;28;32;36
07/07/2010;9;12;22;29;36;38
04/07/2010;3;31;34;38;43;44
30/06/2010;5;6;25;31;33;37
27/06/2010;5;8;9;10;13;35
23/06/2010;11;12;19;20;30;33
20/06/2010;5;14;15;30;44;45
16/06/2010;7;15;20;33;42;44
13/06/2010;5;23;26;29;37;40
09/06/2010;6;25;30;32;36;40
06/06/2010;5;16;20;21;27;45
02/06/2010;1;10;16;18;23;26
30/05/2010;3;4;28;30;33;36
26/05/2010;6;7;9;13;28;41
23/05/2010;2;24;27;35;37;45
19/05/2010;4;12;14;18;19;34
16/05/2010;4;7;34;35;40;42
12/05/2010;12;13;27;29;31;39
09/05/2010;2;4;10;28;31;33
05/05/2010;2;3;13;21;25;39
02/05/2010;4;9;17;20;27;31
28/04/2010;1;9;10;13;17;28
25/04/2010;7;11;18;22;24;32
21/04/2010;7;8;22;28;37;41
18/04/2010;5;11;14;18;22;39
14/04/2010;5;20;26;33;37;45
11/04/2010;14;16;20;24;33;38
07/04/2010;5;13;17;28;42;44
04/04/2010;11;13;15;18;22;45
31/03/2010;6;18;19;25;26;33
28/03/2010;3;4;16;22;23;29
24/03/2010;6;12;22;33;42;43
21/03/2010;19;20;23;26;28;44
17/03/2010;3;9;12;19;20;26
14/03/2010;12;13;29;32;33;40
10/03/2010;3;10;19;21;28;38
07/03/2010;4;10;13;15;19;43
03/03/2010;3;5;12;17;18;37
28/02/2010;14;18;25;26;33;37
24/02/2010;4;5;9;30;31;32
21/02/2010;8;10;15;17;22;39
17/02/2010;10;22;23;26;30;34
14/02/2010;1;2;10;30;33;40
10/02/2010;13;17;18;30;35;40
07/02/2010;3;26;34;42;43;44
03/02/2010;7;11;19;22;24;45
31/01/2010;2;9;32;36;42;45
27/01/2010;5;7;9;14;18;26
24/01/2010;2;16;17;26;36;45
20/01/2010;2;8;10;14;33;37
17/01/2010;4;5;9;26;38;45
13/01/2010;21;24;32;34;42;45
10/01/2010;4;19;24;28;35;37
06/01/2010;7;11;12;18;22;33
03/01/2010;5;8;11;26;28;39
30/12/2009;2;5;15;24;36;43
27/12/2009;9;11;13;16;26;45
23/12/2009;14;16;19;24;28;37
20/12/2009;9;10;12;16;28;33
16/12/2009;13;27;29;31;38;40
13/12/2009;3;14;28;30;31;42
09/12/2009;4;14;20;24;39;40
06/12/2009;5;9;14;36;41;44
02/12/2009;16;19;20;27;30;44
29/11/2009;4;18;20;23;34;38
25/11/2009;18;24;29;36;37;44
22/11/2009;8;9;14;19;28;43
18/11/2009;3;5;18;20;32;40
15/11/2009;7;20;21;25;27;34
11/11/2009;16;18;21;22;39;44
08/11/2009;12;16;18;31;41;44
04/11/2009;2;6;12;16;25;35
01/11/2009;8;12;15;25;36;37
28/10/2009;7;17;28;36;37;41
25/10/2009;4;8;16;17;36;37
21/10/2009;7;13;20;27;33;35
18/10/2009;5;13;14;22;40;43
14/10/2009;5;7;8;9;21;24
11/10/2009;8;11;26;30;31;42
07/10/2009;4;22;25;30;35;43
04/10/2009;4;8;10;13;22;31
30/09/2009;2;18;23;25;41;43
27/09/2009;1;5;7;13;22;27
23/09/2009;5;7;12;18;21;39
20/09/2009;7;19;24;28;32;43
16/09/2009;3;21;23;35;44;45
13/09/2009;11;14;16;24;27;40
09/09/2009;12;17;20;21;33;35
06/09/2009;1;11;14;22;24;35
02/09/2009;7;8;13;17;29;34
30/08/2009;4;14;17;25;36;38
26/08/2009;3;6;25;30;41;43
23/08/2009;7;9;23;25;42;44
19/08/2009;5;14;20;25;32;43
16/08/2009;10;15;25;31;32;43
12/08/2009;2;4;18;36;42;45
09/08/2009;3;11;21;25;28;44
05/08/2009;4;8;9;13;24;26
02/08/2009;12;14;16;33;41;42
29/07/2009;1;16;23;28;34;42
26/07/2009;23;28;29;36;40;42
22/07/2009;7;12;22;33;40;43
19/07/2009;6;19;20;21;24;42
15/07/2009;10;13;27;32;35;38
12/07/2009;3;10;18;29;36;40
08/07/2009;6;10;25;27;39;40
05/07/2009;4;13;21;26;29;38
01/07/2009;10;25;27;29;39;43
28/06/2009;4;5;21;28;31;40
24/06/2009;5;10;20;22;31;37
21/06/2009;4;6;24;30;33;43
17/06/2009;3;5;21;24;41;44
14/06/2009;5;7;12;23;37;45
10/06/2009;15;16;20;22;23;26
07/06/2009;6;12;25;33;42;45
03/06/2009;2;15;37;40;41;42
31/05/2009;1;10;16;17;26;32
27/05/2009;15;23;28;38;39;45
24/05/2009;1;4;15;16;28;30
20/05/2009;2;24;28;31;40;41
17/05/2009;16;22;26;34;38;45
13/05/2009;5;6;13;37;39;44
10/05/2009;2;6;8;13;21;40
06/05/2009;17;25;28;30;31;40
03/05/2009;19;25;26;35;40;44
29/04/2009;3;7;16;24;41;42
26/04/2009;5;9;12;14;15;40
22/04/2009;2;9;14;25;29;30
19/04/2009;3;9;11;16;19;33
15/04/2009;7;28;29;35;40;42
12/04/2009;18;21;22;36;42;43
08/04/2009;4;8;14;19;26;44
05/04/2009;1;12;17;37;39;44
01/04/2009;14;20;21;26;28;44
29/03/2009;1;18;24;30;32;37
25/03/2009;13;18;26;36;39;45
22/03/2009;14;15;18;21;32;45
18/03/2009;19;22;25;28;29;45
15/03/2009;1;7;17;26;33;39
11/03/2009;11;16;29;34;38;43
08/03/2009;6;12;18;32;36;42
04/03/2009;27;28;30;34;35;45
01/03/2009;11;12;24;28;30;31
25/02/2009;2;4;12;20;27;43
22/02/2009;1;11;16;17;21;43
18/02/2009;2;9;18;32;33;34
15/02/2009;9;12;13;15;40;45
11/02/2009;11;13;18;23;38;39
08/02/2009;4;8;22;38;42;43
04/02/2009;3;6;32;38;42;43
01/02/2009;19;22;26;38;39;45
28/01/2009;1;2;11;15;21;24
25/01/2009;3;8;12;20;31;34
21/01/2009;9;11;17;39;43;45
18/01/2009;14;16;17;24;28;44
14/01/2009;2;16;30;38;39;44
11/01/2009;6;9;12;16;17;21
07/01/2009;2;8;18;20;21;35
04/01/2009;1;3;6;12;37;42
31/12/2008;5;15;18;31;34;35
28/12/2008;4;7;10;12;27;28
24/12/2008;3;13;27;32;39;42
21/12/2008;1;2;9;23;30;43
17/12/2008;11;22;31;37;40;44
14/12/2008;4;12;14;23;32;38
10/12/2008;4;6;10;19;23;30
07/12/2008;5;6;10;12;33;38
03/12/2008;13;25;26;28;34;43
30/11/2008;1;13;14;16;39;40
26/11/2008;16;18;21;26;36;39
23/11/2008;1;8;13;24;28;29
19/11/2008;1;2;11;14;16;45
16/11/2008;1;8;22;31;38;41
12/11/2008;10;11;24;29;38;45
09/11/2008;4;5;16;18;34;44
05/11/2008;8;12;18;22;40;42
02/11/2008;1;9;23;30;36;41
29/10/2008;2;12;13;19;33;40
26/10/2008;8;11;19;21;33;36
22/10/2008;13;15;27;28;32;34
19/10/2008;1;9;10;14;30;31
15/10/2008;8;20;25;28;34;44
12/10/2008;7;10;11;14;21;43
08/10/2008;6;10;16;32;41;45
05/10/2008;6;12;16;29;37;45
01/10/2008;1;4;7;18;23;36
28/09/2008;3;7;15;22;40;43
24/09/2008;20;22;26;37;39;43
21/09/2008;2;19;30;35;37;45
17/09/2008;6;8;14;20;23;26
14/09/2008;21;23;28;33;42;43
10/09/2008;14;20;27;32;42;44
07/09/2008;5;10;16;17;40;43
03/09/2008;12;21;30;38;39;42
31/08/2008;18;23;26;31;35;40
27/08/2008;2;3;11;15;25;37
24/08/2008;7;9;21;37;38;44
20/08/2008;2;10;11;21;23;40
17/08/2008;2;10;16;19;30;42
13/08/2008;2;4;5;21;26;31
10/08/2008;13;20;21;23;29;33
06/08/2008;2;11;17;21;30;36
03/08/2008;12;26;29;30;35;41
30/07/2008;8;9;15;17;22;35
27/07/2008;1;4;11;22;28;44
23/07/2008;1;8;13;15;31;43
20/07/2008;1;19;23;33;44;45
16/07/2008;1;13;26;30;38;40
13/07/2008;1;12;24;32;35;41
09/07/2008;1;8;18;20;37;43
06/07/2008;14;17;25;31;38;42
02/07/2008;4;13;14;15;27;36
29/06/2008;16;21;24;30;38;45
25/06/2008;8;18;24;27;32;40
22/06/2008;15;16;35;37;40;45
18/06/2008;1;2;10;11;38;40
15/06/2008;9;26;28;29;33;44
11/06/2008;5;10;18;29;34;42
08/06/2008;9;15;19;28;31;36
04/06/2008;5;9;17;33;35;42
01/06/2008;6;19;21;22;28;34
28/05/2008;14;41;32;39;36;30
25/05/2008;15;10;26;16;44;22
21/05/2008;43;29;6;30;13;17
18/05/2008;22;20;36;39;27;4
14/05/2008;28;17;29;19;23;10
11/05/2008;39;33;40;28;19;5
07/05/2008;12;19;16;2;30;43
04/05/2008;11;3;22;27;12;26
30/04/2008;2;9;22;29;17;30
27/04/2008;18;37;12;35;34;7
23/04/2008;38;39;4;22;21;45
20/04/2008;32;34;12;20;15;18
16/04/2008;29;11;26;44;31;30
13/04/2008;2;37;18;22;19;17
09/04/2008;36;40;5;17;6;13
06/04/2008;43;7;2;5;35;39
02/04/2008;28;17;18;45;38;36
30/03/2008;44;33;26;16;6;34
26/03/2008;43;9;15;6;11;30
23/03/2008;23;5;37;34;19;13
19/03/2008;10;34;45;29;17;18
16/03/2008;5;43;33;10;28;6
12/03/2008;37;4;10;21;27;2
09/03/2008;8;14;39;17;13;28
05/03/2008;34;19;20;39;7;11
02/03/2008;39;22;16;20;33;6
27/02/2008;24;6;37;25;11;31
24/02/2008;34;3;29;13;9;33
20/02/2008;14;3;17;15;5;38
17/02/2008;10;16;39;12;20;37
13/02/2008;7;6;39;12;3;18
10/02/2008;30;8;22;17;15;19
06/02/2008;44;36;16;30;25;26
03/02/2008;11;22;23;33;27;1
30/01/2008;24;28;23;10;22;13
27/01/2008;22;19;29;37;36;45
23/01/2008;8;36;3;29;44;14
20/01/2008;33;34;39;37;15;43
16/01/2008;28;16;20;21;43;19
13/01/2008;14;44;39;22;31;3
09/01/2008;24;23;34;40;38;20
06/01/2008;1;39;23;36;43;45
02/01/2008;18;32;5;13;21;34
30/12/2007;7;35;16;36;23;9
26/12/2007;45;8;42;4;25;22
23/12/2007;34;27;36;39;33;25
19/12/2007;25;16;33;43;37;35
16/12/2007;13;34;30;45;39;9
12/12/2007;8;10;39;7;30;29
09/12/2007;14;4;44;10;23;41
05/12/2007;19;13;36;24;23;6
02/12/2007;41;12;37;24;28;16
28/11/2007;25;26;9;30;31;32
25/11/2007;18;33;8;32;30;2
21/11/2007;23;19;20;15;13;34
18/11/2007;15;30;3;27;13;42
14/11/2007;13;8;44;22;29;1
11/11/2007;19;13;12;43;24;25
07/11/2007;30;8;40;28;2;22
04/11/2007;27;20;29;2;25;43
31/10/2007;42;28;19;22;21;3
28/10/2007;45;16;18;6;26;13
24/10/2007;39;21;24;29;4;16
21/10/2007;30;44;3;9;4;40
17/10/2007;42;19;25;31;34;45
14/10/2007;30;36;13;34;27;12
10/10/2007;19;17;29;37;9;5
07/10/2007;3;15;10;21;19;6
03/10/2007;40;27;35;20;2;37
30/09/2007;31;16;8;6;10;23
26/09/2007;38;24;42;45;9;15
23/09/2007;1;37;17;3;30;22
19/09/2007;13;21;27;44;39;3
16/09/2007;22;14;21;13;36;6
12/09/2007;45;9;7;20;5;33
09/09/2007;1;7;2;4;40;21
05/09/2007;2;8;41;11;18;22
02/09/2007;10;16;24;8;31;37
29/08/2007;24;45;28;16;43;39
26/08/2007;20;1;23;18;31;33
22/08/2007;15;17;44;43;36;19
19/08/2007;34;1;31;8;25;10
15/08/2007;17;16;2;29;19;33
12/08/2007;19;25;30;16;13;41
08/08/2007;20;11;31;9;38;35
05/08/2007;30;27;3;26;18;44
01/08/2007;20;23;41;3;24;33
29/07/2007;2;38;10;22;42;40
25/07/2007;16;35;25;24;13;29
22/07/2007;5;22;39;4;6;43
18/07/2007;42;19;34;21;2;26
15/07/2007;3;39;40;45;10;33
11/07/2007;12;28;35;18;13;21
08/07/2007;15;41;12;13;6;40
04/07/2007;23;20;2;9;19;1
01/07/2007;15;13;28;27;23;35
27/06/2007;21;44;38;33;26;31
24/06/2007;43;28;21;6;20;45
20/06/2007;23;27;36;11;16;17
17/06/2007;36;30;38;1;5;39
13/06/2007;41;35;44;26;20;38
10/06/2007;3;21;14;5;13;27
06/06/2007;13;7;41;33;38;15
03/06/2007;9;17;1;8;37;3
30/05/2007;1;19;6;43;38;3
27/05/2007;42;37;41;11;6;19
23/05/2007;45;31;21;16;5;34
20/05/2007;31;32;26;35;29;16
16/05/2007;1;19;12;22;37;2
13/05/2007;29;39;16;21;8;43
09/05/2007;25;9;6;29;32;37
06/05/2007;20;24;40;7;44;14
02/05/2007;28;11;25;41;23;42
29/04/2007;38;8;29;19;15;42
25/04/2007;7;22;33;34;12;2
22/04/2007;21;15;29;19;20;6
18/04/2007;18;34;38;3;39;11
15/04/2007;38;24;22;8;32;20
11/04/2007;24;45;13;23;42;9
08/04/2007;36;20;4;26;37;35
04/04/2007;31;13;9;10;22;5
01/04/2007;14;11;30;8;32;10
28/03/2007;45;16;13;41;7;24
25/03/2007;11;14;6;28;44;9
21/03/2007;33;2;18;11;5;14
18/03/2007;36;23;19;21;2;28
14/03/2007;24;39;2;36;16;17
11/03/2007;34;4;8;2;22;24
07/03/2007;43;35;45;14;31;32
04/03/2007;21;31;5;4;43;8
28/02/2007;4;41;29;30;26;19
25/02/2007;8;22;31;18;13;14
21/02/2007;23;6;11;14;13;5
18/02/2007;31;42;10;6;35;30
14/02/2007;8;9;7;20;4;28
11/02/2007;41;2;31;36;38;24
07/02/2007;16;1;19;4;24;35
04/02/2007;37;26;25;6;35;28
31/01/2007;13;39;28;10;26;9
28/01/2007;37;10;35;24;12;42
24/01/2007;25;21;37;19;8;2
21/01/2007;38;10;27;25;17;22
17/01/2007;12;26;36;39;35;24
14/01/2007;8;36;39;40;37;21
10/01/2007;38;25;41;34;7;9
07/01/2007;13;31;15;39;12;43
03/01/2007;12;42;27;21;37;19
31/12/2006;5;9;42;31;11;12
27/12/2006;36;27;29;34;24;37
24/12/2006;20;27;33;13;16;41
20/12/2006;39;11;14;3;2;10
17/12/2006;3;31;19;42;7;10
13/12/2006;23;3;8;40;36;16
10/12/2006;25;36;37;42;13;5
06/12/2006;27;32;25;5;7;4
03/12/2006;41;23;32;16;45;22
29/11/2006;37;31;30;43;13;44
26/11/2006;26;20;13;38;4;35
22/11/2006;45;14;19;44;23;28
19/11/2006;25;20;3;22;11;19
15/11/2006;24;43;26;23;25;4
12/11/2006;23;1;3;31;26;13
08/11/2006;15;16;7;30;2;20
05/11/2006;33;35;11;43;24;30
01/11/2006;19;12;24;34;4;28
29/10/2006;18;15;34;22;28;16
25/10/2006;21;3;27;12;15;36
22/10/2006;35;4;3;15;8;5
18/10/2006;35;29;3;4;18;38
15/10/2006;20;42;12;26;24;22
11/10/2006;4;23;45;12;31;7
08/10/2006;30;5;34;41;23;44
04/10/2006;37;39;25;27;41;10
01/10/2006;30;38;16;45;36;39
27/09/2006;14;31;34;39;43;11
24/09/2006;27;11;19;9;24;12
20/09/2006;6;10;12;9;25;3
17/09/2006;22;6;37;35;45;14
13/09/2006;40;9;1;12;13;42
10/09/2006;32;20;9;25;4;28
06/09/2006;23;33;10;45;44;27
03/09/2006;6;28;11;12;23;8
30/08/2006;11;12;35;45;20;28
27/08/2006;30;42;29;28;8;35
23/08/2006;35;21;19;39;32;16
20/08/2006;19;30;45;17;28;39
16/08/2006;4;6;25;38;21;43
13/08/2006;34;11;32;12;8;43
09/08/2006;30;17;13;22;19;44
06/08/2006;21;23;20;45;34;26
02/08/2006;8;13;15;42;4;1
30/07/2006;6;26;31;23;8;42
26/07/2006;40;5;42;43;8;45
23/07/2006;17;37;12;32;5;31
19/07/2006;27;3;1;24;19;9
16/07/2006;7;16;21;30;34;14
12/07/2006;28;17;5;25;16;10
09/07/2006;34;9;15;19;42;6
05/07/2006;43;26;45;9;11;41
02/07/2006;20;43;17;13;32;19
28/06/2006;23;40;16;18;42;20
25/06/2006;20;26;22;35;33;29
21/06/2006;33;15;18;34;26;6
18/06/2006;4;33;8;10;45;43
14/06/2006;13;5;37;10;11;23
11/06/2006;10;42;34;13;29;32
07/06/2006;21;38;11;28;12;31
04/06/2006;30;20;26;27;13;15
31/05/2006;36;44;35;8;39;13
28/05/2006;39;35;38;32;43;30
24/05/2006;40;18;3;37;7;41
21/05/2006;22;35;40;30;43;29
17/05/2006;1;39;17;13;10;20
14/05/2006;20;23;32;28;36;27
10/05/2006;40;43;41;30;38;34
07/05/2006;6;35;36;5;44;7
03/05/2006;5;40;18;4;12;6
30/04/2006;12;5;21;2;38;23
26/04/2006;14;38;31;11;39;45
23/04/2006;35;8;39;26;9;36
19/04/2006;41;22;39;43;11;35
16/04/2006;36;27;20;24;26;11
12/04/2006;34;8;14;42;38;11
09/04/2006;10;20;39;13;43;6
05/04/2006;37;31;30;19;26;6
02/04/2006;29;43;28;12;41;8
29/03/2006;20;9;39;45;32;40
26/03/2006;41;16;44;20;6;43
22/03/2006;8;34;42;26;17;44
19/03/2006;37;2;36;42;41;14
15/03/2006;32;27;6;25;43;21
12/03/2006;17;2;24;34;1;29
08/03/2006;24;29;34;13;23;33
05/03/2006;32;39;21;16;2;26
01/03/2006;19;37;42;10;41;5
26/02/2006;30;39;24;11;16;33
22/02/2006;33;17;15;44;12;25
19/02/2006;11;23;24;38;20;1
15/02/2006;41;27;39;13;25;34
12/02/2006;33;2;10;13;3;16
08/02/2006;31;21;44;3;6;28
05/02/2006;9;24;23;39;15;25
01/02/2006;41;23;18;27;14;11
29/01/2006;10;18;25;39;3;9
25/01/2006;29;16;4;17;23;28
22/01/2006;7;39;36;29;42;34
18/01/2006;14;39;29;7;45;24
15/01/2006;31;23;39;4;20;28
11/01/2006;21;14;22;5;29;8
08/01/2006;24;4;7;41;23;11
04/01/2006;3;16;41;11;44;40
01/01/2006;23;24;3;40;14;30
28/12/2005;45;11;44;35;18;12
25/12/2005;37;45;26;1;11;41
21/12/2005;25;37;16;15;27;20
18/12/2005;29;23;43;20;36;35
14/12/2005;38;37;4;35;45;34
11/12/2005;36;30;22;29;19;20
07/12/2005;39;23;44;7;33;3
04/12/2005;5;12;20;17;4;43
30/11/2005;39;31;34;6;23;42
27/11/2005;34;20;33;1;5;7
23/11/2005;23;18;35;17;9;25
20/11/2005;26;9;34;32;7;31
16/11/2005;16;31;26;13;1;30
13/11/2005;36;28;17;18;8;12
09/11/2005;26;37;5;39;25;13
06/11/2005;8;36;40;35;32;2
02/11/2005;3;20;23;6;26;18
30/10/2005;15;28;30;43;34;23
26/10/2005;15;14;22;9;3;8
23/10/2005;7;5;41;1;35;15
19/10/2005;32;24;29;7;8;33
16/10/2005;12;30;25;18;5;16
12/10/2005;21;8;5;24;35;40
09/10/2005;23;29;14;9;42;45
05/10/2005;19;40;15;23;26;37
02/10/2005;16;40;5;26;36;31
28/09/2005;20;41;42;15;10;9
25/09/2005;36;11;17;14;43;19
21/09/2005;40;37;8;24;19;29
18/09/2005;12;23;35;5;10;2
14/09/2005;29;15;13;24;22;36
11/09/2005;16;9;34;45;12;7
07/09/2005;30;41;32;20;27;36
04/09/2005;13;8;25;41;28;1
31/08/2005;18;13;16;30;24;42
28/08/2005;11;24;37;12;4;10
24/08/2005;36;26;12;31;45;24
21/08/2005;45;36;35;16;37;9
17/08/2005;18;12;37;2;16;21
14/08/2005;13;23;18;27;10;11
10/08/2005;12;31;37;22;7;20
07/08/2005;24;21;9;8;16;40
03/08/2005;37;15;6;10;36;25
31/07/2005;2;25;26;32;15;39
27/07/2005;18;45;6;40;11;24
24/07/2005;6;31;10;1;2;19
20/07/2005;17;36;12;23;29;38
17/07/2005;44;39;41;10;2;32
13/07/2005;8;3;37;44;13;31
10/07/2005;6;40;18;28;12;16
06/07/2005;4;30;26;36;23;45
03/07/2005;1;34;18;35;37;27
29/06/2005;39;31;37;41;7;21
26/06/2005;13;36;34;33;24;32
22/06/2005;37;7;30;2;1;27
19/06/2005;35;20;42;8;19;15
15/06/2005;43;38;40;22;16;34
12/06/2005;35;37;12;10;21;17
08/06/2005;41;11;4;7;10;6
05/06/2005;34;20;38;41;43;3
01/06/2005;37;6;32;18;19;8
29/05/2005;10;37;33;3;18;35
25/05/2005;16;24;29;8;36;40
22/05/2005;25;22;44;38;33;42
18/05/2005;28;16;5;23;6;35
15/05/2005;34;6;4;45;41;17
11/05/2005;27;23;28;12;16;4
08/05/2005;4;39;30;25;40;42
04/05/2005;25;21;5;2;17;27
01/05/2005;7;25;5;14;30;10
27/04/2005;25;32;21;5;45;40
24/04/2005;23;6;36;22;9;5
20/04/2005;44;12;8;29;15;33
17/04/2005;33;10;17;1;23;27
13/04/2005;23;20;15;45;11;29
10/04/2005;23;11;36;20;14;28
06/04/2005;27;32;19;8;2;24
03/04/2005;5;21;24;17;40;16
30/03/2005;14;12;7;5;31;41
27/03/2005;42;5;35;27;45;6
23/03/2005;44;22;43;21;40;5
20/03/2005;4;41;43;45;9;23
16/03/2005;2;18;26;14;5;7
13/03/2005;36;3;27;42;15;34
09/03/2005;1;4;26;20;40;44
06/03/2005;22;2;33;13;1;21
02/03/2005;17;42;1;18;6;34
27/02/2005;4;43;29;38;7;14
23/02/2005;18;42;40;26;10;4
20/02/2005;44;21;9;45;37;28
16/02/2005;20;45;21;16;19;14
13/02/2005;6;41;28;39;34;43
09/02/2005;13;31;30;20;9;24
05/02/2005;2;25;3;40;11;22
02/02/2005;13;36;22;10;32;1
30/01/2005;26;21;1;29;32;35
26/01/2005;28;26;2;10;41;17
23/01/2005;35;36;45;38;44;19
19/01/2005;11;21;25;19;41;12
16/01/2005;34;10;12;16;31;17
12/01/2005;6;29;13;44;4;21
09/01/2005;21;9;45;18;22;12
05/01/2005;18;44;21;16;10;35
02/01/2005;34;24;13;29;38;31
29/12/2004;5;14;17;12;21;39
26/12/2004;12;10;39;20;14;30
22/12/2004;25;17;2;3;27;1
19/12/2004;44;23;38;12;1;34
15/12/2004;10;44;26;17;4;29
12/12/2004;22;14;2;20;37;38
08/12/2004;14;45;18;37;36;31
05/12/2004;9;27;37;22;34;10
01/12/2004;8;24;14;22;42;23
28/11/2004;37;30;35;40;12;24
24/11/2004;29;19;27;30;7;13
21/11/2004;21;14;38;28;1;27
17/11/2004;17;20;10;38;27;14
14/11/2004;37;42;19;36;41;5
10/11/2004;28;16;31;17;39;32
07/11/2004;37;16;8;36;4;40
03/11/2004;33;43;2;29;28;23
31/10/2004;2;26;28;7;27;33
27/10/2004;7;40;2;36;11;29
24/10/2004;32;28;33;12;9;17
20/10/2004;7;17;20;5;33;10
17/10/2004;45;30;27;42;38;44
13/10/2004;40;30;37;29;14;45
10/10/2004;11;40;19;21;27;37
06/10/2004;24;5;31;7;19;14
03/10/2004;1;15;40;37;36;24
29/09/2004;2;37;5;14;42;12
26/09/2004;23;12;11;16;41;34
22/09/2004;33;23;43;27;15;29
19/09/2004;30;20;31;27;33;11
15/09/2004;43;36;4;35;24;39
12/09/2004;5;23;12;26;41;16
08/09/2004;22;37;20;43;41;18
05/09/2004;16;15;43;32;40;3
01/09/2004;42;4;15;45;19;5
29/08/2004;39;32;16;26;34;22
25/08/2004;28;7;2;45;35;39
22/08/2004;10;44;14;30;32;11
18/08/2004;14;34;43;15;3;22
15/08/2004;38;11;28;35;36;41
11/08/2004;34;37;39;24;32;36
08/08/2004;20;34;22;15;31;43
04/08/2004;16;5;20;29;27;15
01/08/2004;41;42;44;45;1;21
28/07/2004;31;9;21;10;42;30
25/07/2004;25;38;13;10;16;24
21/07/2004;32;45;8;28;24;35
18/07/2004;25;1;20;9;31;12
14/07/2004;5;10;8;2;43;41
11/07/2004;3;20;36;29;42;32
07/07/2004;30;4;23;28;2;11
04/07/2004;7;44;45;3;28;6
30/06/2004;34;26;31;16;3;40
27/06/2004;11;23;26;16;20;18
23/06/2004;38;2;41;4;14;35
20/06/2004;20;29;19;32;43;1
16/06/2004;4;16;29;18;41;26
13/06/2004;31;20;27;39;34;26
09/06/2004;45;14;38;9;2;42
06/06/2004;9;8;22;11;2;38
02/06/2004;25;36;20;5;45;41
30/05/2004;1;13;45;27;16;12
26/05/2004;43;9;38;15;27;39
23/05/2004;40;16;9;25;28;20
19/05/2004;27;36;11;42;12;41
16/05/2004;7;3;35;34;24;15
09/05/2004;38;4;40;28;36;39
02/05/2004;41;22;8;18;13;11
25/04/2004;33;13;40;12;36;38
18/04/2004;18;31;27;45;42;6
11/04/2004;29;36;18;28;3;4
04/04/2004;45;10;19;24;42;30
28/03/2004;30;12;45;44;19;39
21/03/2004;13;19;37;26;42;24
14/03/2004;29;13;43;21;26;5
07/03/2004;9;17;22;44;34;41
29/02/2004;37;22;25;15;14;4
22/02/2004;19;28;30;11;12;34
15/02/2004;25;17;30;45;43;16
08/02/2004;17;43;41;30;15;33
01/02/2004;23;25;34;28;11;35
25/01/2004;23;18;36;6;39;27
18/01/2004;34;44;11;1;39;35
11/01/2004;19;22;40;1;12;37
04/01/2004;22;16;6;41;31;28
28/12/2003;28;19;2;15;7;21
21/12/2003;18;30;19;33;42;40
14/12/2003;1;41;26;17;28;27
07/12/2003;2;39;14;42;15;37
30/11/2003;1;2;39;41;18;34
23/11/2003;27;32;24;3;13;6
16/11/2003;17;12;35;5;15;18
09/11/2003;18;43;35;19;40;14
02/11/2003;11;43;17;20;30;4
26/10/2003;36;9;7;18;13;15
19/10/2003;2;21;42;10;17;14
12/10/2003;19;21;41;17;22;38
05/10/2003;40;41;23;6;44;18
28/09/2003;28;42;40;11;22;37
21/09/2003;38;45;21;24;41;29
14/09/2003;23;10;22;45;21;9
07/09/2003;8;19;15;7;44;20
31/08/2003;8;36;41;2;14;3
24/08/2003;30;22;11;7;4;10
17/08/2003;30;45;41;18;21;36
10/08/2003;14;30;27;16;35;22
03/08/2003;3;15;26;43;33;41
27/07/2003;16;13;41;43;22;20
20/07/2003;37;17;20;19;12;38
13/07/2003;36;8;41;15;16;17
06/07/2003;26;38;31;13;40;27
29/06/2003;6;27;12;22;19;7
22/06/2003;10;25;4;30;28;14
15/06/2003;45;35;7;28;13;33
08/06/2003;34;5;16;39;6;43
01/06/2003;29;13;40;9;8;17
25/05/2003;39;9;21;7;16;14
18/05/2003;37;9;32;25;29;40
11/05/2003;39;13;4;20;43;6
04/05/2003;10;36;2;19;30;34
27/04/2003;9;43;32;26;41;11
20/04/2003;3;43;1;35;30;5
13/04/2003;9;35;25;33;36;10
06/04/2003;42;27;18;40;4;13
30/03/2003;30;5;39;18;11;32
23/03/2003;31;23;14;36;29;30
16/03/2003;34;24;9;14;3;20
09/03/2003;11;42;13;19;40;34
02/03/2003;9;10;25;40;41;12
23/02/2003;28;1;11;45;2;42
16/02/2003;37;40;10;4;24;28
09/02/2003;15;5;13;21;9;28
02/02/2003;5;30;3;32;23;44
26/01/2003;5;41;25;43;9;23
19/01/2003;42;8;27;31;22;1
12/01/2003;25;28;16;14;13;33
05/01/2003;19;23;27;10;25;32
29/12/2002;42;27;23;34;44;15
22/12/2002;39;22;32;4;2;27
15/12/2002;11;43;15;38;35;36
08/12/2002;45;17;36;13;40;32
01/12/2002;13;14;31;35;45;42
24/11/2002;14;42;40;6;39;45
17/11/2002;36;21;4;2;42;30
10/11/2002;17;9;4;18;12;8
03/11/2002;14;41;9;38;28;24
27/10/2002;16;43;42;4;39;20
20/10/2002;43;33;9;27;15;8
13/10/2002;17;10;20;45;39;11
06/10/2002;38;27;18;15;39;19
29/09/2002;21;5;41;33;43;1
22/09/2002;23;18;38;22;24;31
15/09/2002;25;10;19;5;9;26
08/09/2002;17;39;6;41;31;5
01/09/2002;31;39;18;1;21;22
25/08/2002;27;35;14;1;17;41
18/08/2002;13;1;14;39;18;17
11/08/2002;18;32;13;1;4;17
04/08/2002;35;30;45;29;25;4
28/07/2002;17;9;31;32;2;41
21/07/2002;7;34;23;42;43;15
14/07/2002;4;40;21;7;27;42
07/07/2002;8;34;42;3;37;7
30/06/2002;40;33;39;4;29;19
23/06/2002;35;32;8;31;9;22
16/06/2002;43;5;27;6;32;23
09/06/2002;5;13;26;21;4;19
02/06/2002;8;42;16;44;18;17
26/05/2002;24;44;13;43;12;32
19/05/2002;41;14;3;26;36;24
12/05/2002;32;34;33;20;45;30
05/05/2002;12;32;35;9;43;20
28/04/2002;36;24;3;32;37;21
21/04/2002;43;39;6;17;3;45
14/04/2002;35;40;45;5;38;42
07/04/2002;15;43;20;45;28;24
31/03/2002;43;38;17;8;44;3
24/03/2002;23;14;26;32;36;42
17/03/2002;18;37;20;17;7;14
10/03/2002;15;16;36;37;10;5
03/03/2002;21;3;31;15;16;44
24/02/2002;40;16;26;21;28;45
17/02/2002;36;14;18;17;3;16
10/02/2002;39;29;41;26;7;17
03/02/2002;23;20;15;4;16;22
27/01/2002;42;1;19;21;6;43
20/01/2002;20;12;38;31;29;17
13/01/2002;41;8;11;10;17;9
06/01/2002;10;24;25;38;42;11
30/12/2001;8;21;40;24;16;1
23/12/2001;19;33;9;32;8;38
16/12/2001;3;24;25;19;4;33
09/12/2001;30;10;36;17;2;44
02/12/2001;33;31;2;7;10;37
25/11/2001;44;1;40;29;39;36
18/11/2001;11;44;35;16;27;38
11/11/2001;34;36;19;23;32;45
04/11/2001;15;12;7;17;11;19
28/10/2001;2;18;29;28;40;35
21/10/2001;10;23;3;30;2;37
14/10/2001;21;11;42;38;5;1
07/10/2001;38;10;40;22;2;7
30/09/2001;27;45;44;32;24;36
23/09/2001;36;20;24;28;32;42
16/09/2001;2;19;21;35;42;14
09/09/2001;4;30;38;41;19;40
02/09/2001;3;40;12;15;39;9
26/08/2001;27;3;39;42;23;33
19/08/2001;39;35;25;19;42;41
12/08/2001;8;3;45;42;33;44
05/08/2001;26;37;25;7;33;12
29/07/2001;2;43;8;44;14;5
22/07/2001;3;26;27;40;20;18
15/07/2001;3;8;14;10;44;45
08/07/2001;43;44;14;25;40;33
01/07/2001;5;24;17;39;8;18
24/06/2001;16;30;2;32;14;13
17/06/2001;19;34;1;15;37;20
10/06/2001;14;13;25;16;6;17
03/06/2001;45;2;43;39;31;29
27/05/2001;5;36;40;9;20;15
20/05/2001;28;30;9;31;33;18
13/05/2001;43;1;45;34;3;31
06/05/2001;26;31;45;32;11;42
29/04/2001;41;10;15;25;9;43
22/04/2001;16;28;27;33;19;30
15/04/2001;14;38;31;12;45;20
08/04/2001;44;45;10;14;31;30
01/04/2001;20;45;43;39;34;32
25/03/2001;32;17;45;22;14;38
18/03/2001;27;17;25;5;12;11
11/03/2001;15;37;39;42;3;4
04/03/2001;26;2;31;6;27;28
25/02/2001;38;36;24;8;39;11
18/02/2001;24;39;21;1;30;18
11/02/2001;21;40;31;13;45;39
04/02/2001;42;37;32;2;18;27
28/01/2001;12;20;1;6;19;2
21/01/2001;39;20;37;30;26;28
14/01/2001;13;29;10;7;19;28
07/01/2001;23;33;13;30;44;14
31/12/2000;25;43;35;2;42;41
25/12/2000;44;3;40;7;15;13
17/12/2000;39;18;28;44;20;22
10/12/2000;8;17;12;21;38;32
03/12/2000;23;35;24;1;32;31
26/11/2000;23;1;30;18;39;5
19/11/2000;44;19;16;26;9;42
12/11/2000;42;20;10;14;37;8
05/11/2000;28;45;21;43;3;2
29/10/2000;12;23;16;39;28;38
22/10/2000;20;41;45;10;17;33
15/10/2000;35;24;33;26;17;39
08/10/2000;38;26;3;37;21;25
01/10/2000;16;45;44;33;31;29
24/09/2000;32;29;21;45;12;5
17/09/2000;40;31;39;3;8;30
10/09/2000;43;26;2;3;21;34
03/09/2000;41;1;45;30;36;29
27/08/2000;24;41;12;13;31;11
20/08/2000;3;11;4;17;23;31
13/08/2000;22;16;30;13;37;41
06/08/2000;18;28;12;14;41;3
30/07/2000;14;35;45;3;8;31
23/07/2000;34;45;20;25;6;42
16/07/2000;21;9;16;12;18;28
09/07/2000;13;45;22;42;33;32
02/07/2000;15;28;17;12;40;3
25/06/2000;31;14;43;40;5;13
18/06/2000;27;29;34;39;18;1
11/06/2000;17;13;26;32;35;19
04/06/2000;5;1;7;21;33;4
28/05/2000;36;13;40;43;24;26
21/05/2000;38;33;17;30;20;29
14/05/2000;32;8;19;35;29;11
07/05/2000;34;25;9;1;5;39
30/04/2000;18;43;22;39;38;24
23/04/2000;30;37;11;42;4;1
16/04/2000;40;7;1;22;28;20
09/04/2000;35;1;31;39;21;36
02/04/2000;19;12;23;1;43;4
26/03/2000;36;1;7;26;42;28
19/03/2000;10;37;1;17;11;23
12/03/2000;32;15;4;18;21;10
05/03/2000;27;6;24;14;18;42
27/02/2000;19;5;23;29;18;39
20/02/2000;39;5;18;21;8;41
13/02/2000;28;1;32;8;24;23
06/02/2000;9;12;25;2;18;28
30/01/2000;17;2;19;31;33;15
23/01/2000;39;2;31;30;1;16
16/01/2000;26;16;32;43;36;12
09/01/2000;35;39;17;5;24;12
31/12/1999;16;12;14;34;36;5
26/12/1999;16;1;4;28;38;9
19/12/1999;1;28;43;22;35;4
12/12/1999;17;21;40;43;27;34
05/12/1999;10;13;32;16;3;30
28/11/1999;14;37;21;17;25;20
21/11/1999;6;4;30;19;43;21
14/11/1999;34;39;30;27;16;13
07/11/1999;14;29;32;6;35;17
31/10/1999;3;21;37;42;19;7
24/10/1999;19;41;6;25;7;37
17/10/1999;18;10;28;30;21;33
10/10/1999;22;28;6;4;41;7
03/10/1999;5;8;14;9;6;34
26/09/1999;39;17;1;18;42;43
19/09/1999;8;21;18;35;26;36
12/09/1999;26;22;5;42;33;17
05/09/1999;31;41;25;19;1;4
29/08/1999;2;7;28;4;36;12
22/08/1999;6;19;37;5;40;3
15/08/1999;35;15;20;10;41;27
08/08/1999;24;13;36;27;22;31
01/08/1999;19;25;30;35;33;1
25/07/1999;17;39;24;13;19;42
18/07/1999;25;33;26;4;24;16
11/07/1999;37;35;38;11;12;4
04/07/1999;37;24;14;18;25;22
27/06/1999;7;11;21;23;28;31
20/06/1999;31;18;11;33;43;38
13/06/1999;14;17;39;40;3;34
06/06/1999;18;26;41;8;1;17
30/05/1999;2;41;24;16;6;38
23/05/1999;4;16;31;12;15;30
16/05/1999;22;7;20;41;43;15
09/05/1999;6;32;35;15;38;18
02/05/1999;22;26;24;23;3;7
25/04/1999;13;38;3;14;36;17
18/04/1999;15;4;9;8;6;22
11/04/1999;19;12;34;38;7;14
04/04/1999;11;23;30;36;41;42
28/03/1999;36;40;3;17;21;14
21/03/1999;39;4;34;11;31;13
14/03/1999;40;20;26;27;36;34
07/03/1999;33;14;19;27;13;2
28/02/1999;33;35;27;28;39;40
21/02/1999;1;29;4;34;43;9
14/02/1999;25;23;14;32;33;21
07/02/1999;4;9;23;21;34;6
31/01/1999;28;36;26;13;27;2
24/01/1999;38;7;19;8;27;11
17/01/1999;36;33;39;21;23;14
10/01/1999;22;20;26;36;43;33
03/01/1999;1;9;17;7;30;31
27/12/1998;20;3;5;37;11;14
20/12/1998;6;38;8;7;39;9
13/12/1998;13;18;19;27;32;35
06/12/1998;5;9;12;16;21;36
29/11/1998;8;20;23;32;35;37
22/11/1998;6;18;27;31;38;41
15/11/1998;1;5;21;22;23;26
08/11/1998;14;16;17;20;26;27
01/11/1998;15;23;28;30;36;37
25/10/1998;6;7;8;18;28;36
18/10/1998;7;13;17;33;38;42
11/10/1998;9;15;18;20;22;41
04/10/1998;2;23;33;36;37;39
27/09/1998;1;13;14;16;21;31
20/09/1998;7;22;24;34;39;40
13/09/1998;8;16;18;23;24;27
06/09/1998;1;2;15;21;32;34
30/08/1998;7;18;22;25;38;43
23/08/1998;3;4;11;15;24;35
16/08/1998;22;32;33;34;36;41
09/08/1998;5;12;17;18;26;34
02/08/1998;9;23;25;29;32;36
26/07/1998;4;6;9;11;14;21
19/07/1998;10;15;17;24;40;43
12/07/1998;14;17;20;23;30;39
05/07/1998;11;25;26;27;31;34
28/06/1998;2;9;19;30;37;38
21/06/1998;4;8;11;25;35;42
14/06/1998;1;18;19;27;31;37
07/06/1998;14;20;23;28;29;40
31/05/1998;9;11;14;15;20;29
24/05/1998;1;6;18;23;26;32
17/05/1998;7;8;10;32;40;42
10/05/1998;2;22;29;35;39;42
03/05/1998;11;15;27;36;41;42
26/04/1998;10;11;23;27;40;41
19/04/1998;14;15;20;29;31;35
12/04/1998;2;7;16;23;32;42
05/04/1998;13;14;25;34;36;40
29/03/1998;9;11;14;19;40;43
22/03/1998;1;18;31;39;40;42
15/03/1998;1;2;26;30;35;37
08/03/1998;1;8;10;28;35;41
01/03/1998;13;16;21;22;33;35
22/02/1998;15;25;29;32;34;36
15/02/1998;1;4;16;19;22;24
08/02/1998;7;10;13;36;37;40
01/02/1998;3;7;14;23;25;33
25/01/1998;9;10;15;22;23;34
18/01/1998;5;20;24;25;28;36
11/01/1998;1;10;17;22;27;36
04/01/1998;5;13;31;33;34;36
28/12/1997;8;9;21;26;29;35
21/12/1997;7;9;30;36;37;39
14/12/1997;1;4;11;16;23;29
07/12/1997;7;11;14;18;35;39
30/11/1997;4;13;15;17;19;25
23/11/1997;1;8;18;21;24;31
16/11/1997;2;7;12;17;22;31
09/11/1997;8;10;11;12;26;35
02/11/1997;5;22;23;35;36;39
26/10/1997;2;3;7;15;28;30
19/10/1997;4;9;12;14;29;39
12/10/1997;10;18;20;31;36;38
05/10/1997;1;9;17;22;24;37
28/09/1997;6;15;17;25;27;33
21/09/1997;5;9;11;12;15;33
14/09/1997;10;11;13;15;24;36
07/09/1997;1;7;31;35;36;39
31/08/1997;3;19;24;25;26;31
24/08/1997;1;2;7;27;28;34
17/08/1997;3;4;8;23;26;30
10/08/1997;6;13;14;17;19;22
03/08/1997;2;6;9;24;30;33
27/07/1997;5;7;16;17;25;36
20/07/1997;1;3;7;15;23;32
13/07/1997;1;3;18;23;24;35
06/07/1997;10;17;25;29;34;36
29/06/1997;3;5;12;16;21;25
22/06/1997;3;5;23;24;25;26
15/06/1997;2;4;16;28;30;31
08/06/1997;1;4;7;28;30;33
01/06/1997;9;15;16;28;30;33
25/05/1997;3;6;20;32;33;36
18/05/1997;5;6;10;15;19;32
11/05/1997;2;6;13;24;29;33
04/05/1997;1;6;7;15;22;34
27/04/1997;13;14;17;28;30;36
20/04/1997;3;4;10;19;20;28
13/04/1997;4;7;8;12;13;22
06/04/1997;9;11;25;26;28;29
30/03/1997;7;25;27;30;32;33
23/03/1997;6;12;21;23;28;35
16/03/1997;9;14;15;20;22;27
09/03/1997;9;17;19;22;23;35
02/03/1997;1;6;8;21;30;33
23/02/1997;1;19;23;26;32;36
16/02/1997;2;6;12;16;18;31
09/02/1997;6;7;11;12;26;33
02/02/1997;7;10;11;16;32;34
26/01/1997;2;18;19;20;23;27
19/01/1997;1;7;16;30;31;36
12/01/1997;5;8;16;19;21;25
05/01/1997;4;7;9;12;18;21
29/12/1996;9;10;21;23;26;32
22/12/1996;4;14;20;21;32;35
15/12/1996;10;13;14;15;33;35
08/12/1996;2;11;13;18;24;25
01/12/1996;1;11;12;17;26;27
24/11/1996;9;14;15;23;33;35
17/11/1996;6;12;17;18;21;25
10/11/1996;4;7;11;13;19;20
03/11/1996;12;14;25;29;32;36
27/10/1996;1;10;12;18;20;32
20/10/1996;3;8;17;19;28;31
13/10/1996;7;8;13;19;20;28
06/10/1996;1;6;23;31;33;36
29/09/1996;9;10;11;13;35;36
22/09/1996;1;11;13;15;16;17
15/09/1996;6;11;18;32;33;36
08/09/1996;5;6;7;23;24;36
01/09/1996;10;12;15;16;17;27
25/08/1996;1;9;14;19;28;30
18/08/1996;1;4;10;12;13;27
11/08/1996;2;8;10;22;24;35
04/08/1996;10;15;18;22;23;26
28/07/1996;2;17;20;26;28;33
21/07/1996;1;17;21;22;23;29
14/07/1996;7;13;16;17;20;28
07/07/1996;5;8;9;21;25;32
30/06/1996;3;4;6;14;15;34
23/06/1996;2;3;11;22;25;31
16/06/1996;2;5;16;18;21;27
09/06/1996;20;21;25;28;29;33
02/06/1996;1;3;24;31;32;35
26/05/1996;1;2;13;22;24;30
19/05/1996;13;18;32;33;34;35
12/05/1996;8;11;13;28;32;34
05/05/1996;1;12;19;23;33;34
28/04/1996;3;5;9;15;24;25
21/04/1996;3;5;24;25;30;31
14/04/1996;7;9;13;17;22;30
07/04/1996;4;7;13;17;25;26
31/03/1996;7;8;12;17;29;32
24/03/1996;1;5;14;16;30;33
17/03/1996;21;22;23;28;33;35
10/03/1996;6;23;24;26;27;29
03/03/1996;10;14;16;20;26;34
25/02/1996;4;14;18;20;29;36
18/02/1996;5;6;17;21;30;35
11/02/1996;1;2;30;31;33;36
04/02/1996;2;5;10;22;23;25
28/01/1996;7;12;17;18;32;36
21/01/1996;2;5;7;27;32;36
14/01/1996;12;14;20;25;28;36
07/01/1996;5;8;24;29;30;34
31/12/1995;2;11;18;28;31;34
24/12/1995;8;16;17;25;32;36
17/12/1995;5;13;24;25;27;31
10/12/1995;1;11;12;14;16;18
03/12/1995;13;14;15;26;27;32
26/11/1995;5;6;14;22;25;31
19/11/1995;2;7;10;16;24;30
12/11/1995;4;8;11;25;30;31
05/11/1995;4;11;17;18;31;33
29/10/1995;3;7;13;24;32;34
22/10/1995;4;11;12;20;22;27
15/10/1995;6;10;12;15;17;36
08/10/1995;6;11;13;22;34;36
01/10/1995;14;25;33;11;19;7
24/09/1995;5;7;8;10;16;18
17/09/1995;10;13;17;21;23;32
10/09/1995;11;19;20;21;24;36
03/09/1995;2;3;11;25;28;35
27/08/1995;4;7;14;16;24;31
20/08/1995;3;8;11;14;17;20
13/08/1995;3;11;13;20;23;27
06/08/1995;1;2;5;14;32;36
30/07/1995;3;4;6;10;16;29
23/07/1995;14;18;21;25;29;30
16/07/1995;3;4;8;16;32;34
09/07/1995;3;5;8;9;14;15
02/07/1995;2;3;6;7;16;27
25/06/1995;1;4;6;15;16;18
18/06/1995;9;11;18;26;30;35
11/06/1995;1;5;13;14;20;25
04/06/1995;1;4;7;14;18;21
28/05/1995;7;11;19;20;26;27
21/05/1995;10;23;29;31;33;35
14/05/1995;3;10;17;20;26;28
07/05/1995;8;10;20;23;24;27
30/04/1995;4;6;7;10;18;23
23/04/1995;10;18;21;22;23;24
16/04/1995;1;3;19;27;30;35
09/04/1995;16;18;24;25;29;31
02/04/1995;2;4;7;23;27;36
26/03/1995;8;14;24;28;32;33
19/03/1995;3;4;19;28;31;32
12/03/1995;4;6;11;17;34;36
05/03/1995;8;13;14;24;33;36
26/02/1995;3;15;16;17;21;27
19/02/1995;2;12;14;29;30;33
12/02/1995;6;9;11;18;25;31
05/02/1995;12;13;16;24;25;35
29/01/1995;8;15;21;28;34;35
22/01/1995;6;10;13;16;29;33
15/01/1995;2;22;30;32;33;36
08/01/1995;8;10;22;24;30;34
01/01/1995;2;8;10;11;24;34
25/12/1994;3;18;23;24;26;32
18/12/1994;4;5;7;15;21;32
11/12/1994;8;15;23;32;34;36
04/12/1994;8;15;16;26;30;33
27/11/1994;7;9;10;15;16;30
20/11/1994;7;12;16;19;20;21
13/11/1994;4;10;13;14;18;24
06/11/1994;7;11;12;19;29;31
30/10/1994;12;13;16;18;31;32
23/10/1994;10;14;18;20;24;34
16/10/1994;32;17;36;30;13;10
